"","station.id","nei.name","2020","2019","2018","2017","2016","geometry"
"1","116","Chelsea",349,338,NA,278,290,c(-74.00149746, 40.74177603)
"2","119","Fort Greene",5,3,4,5,34,c(-73.97803415, 40.69608941)
"3","120","Bedford Stuyvesant",13,5,9,15,11,c(-73.95928168, 40.68676793)
"4","127","West Village",1086,1408,1222,1105,744,c(-74.00674436, 40.73172428)
"5","128","SoHo",1023,1418,1080,1247,908,c(-74.00297088, 40.72710258)
"6","137","Midtown",NA,NA,NA,NA,NA,c(-73.972924, 40.761628)
"7","143","Brooklyn Heights",89,117,97,118,104,c(-73.99337909, 40.69239502)
"8","144","Fort Greene",22,24,15,12,31,c(-73.98068914, 40.69839895)
"9","146","Tribeca",1144,2512,2022,1799,1458,c(-74.0091059, 40.71625008)
"10","147","Tribeca",NA,NA,NA,NA,NA,c(-74.01121978, 40.71542197)
"11","150","East Village",141,191,100,132,96,c(-73.98085795, 40.7208736)
"12","151","Little Italy",1056,1620,1320,1412,1340,c(-73.997249007225, 40.722103786686)
"13","152","Tribeca",47,NA,NA,951,829,c(-74.00910627, 40.71473993)
"14","153","Murray Hill",NA,NA,NA,NA,NA,c(-73.9816324043, 40.752062307)
"15","157","Brooklyn Heights",94,43,34,107,51,c(-73.99612349, 40.69089272)
"16","161","Greenwich Village",450,746,123,734,614,c(-73.99810231, 40.72917025)
"17","164","Turtle Bay",46,65,74,36,37,c(-73.97032517, 40.75323098)
"18","167","Murray Hill",41,91,67,79,141,c(-73.97604882, 40.7489006)
"19","168","Flatiron District",46,370,288,354,219,c(-73.99456405, 40.73971301)
"20","173","Midtown",156,93,101,136,88,c(-73.9845272898674, 40.7606832709659)
"21","174","Gramercy",119,133,51,73,78,c(-73.97738662, 40.7381765)
"22","195","Financial District",384,1645,1121,1038,850,c(-74.01043382, 40.70905623)
"23","2000","DUMBO",150,201,208,174,168,c(-73.98940236, 40.70255088)
"24","2001","Navy Yard",NA,NA,NA,NA,NA,c(-73.979927, 40.699773)
"25","2002","Williamsburg",79,169,47,41,39,c(-73.963198, 40.716887)
"26","2003","Stuyvesant Town",185,128,85,165,70,c(-73.9805442094803, 40.7338121919663)
"27","2004","SoHo",NA,NA,NA,NA,NA,c(-74.004704, 40.724399)
"28","2005","Williamsburg",NA,NA,NA,NA,NA,c(-73.97100056, 40.70531194)
"29","2006","Central Park",101,60,39,48,27,c(-73.97634151, 40.76590936)
"30","2008","Battery Park",1866,2069,1812,1986,1257,c(-74.01677685, 40.70569254)
"31","2009","Lower East Side",286,505,532,412,313,c(-73.99682619, 40.71117444)
"32","2010","SoHo",544,NA,752,697,506,c(-74.002381414175, 40.7217000523561)
"33","2012","Gramercy",84,55,41,52,62,c(-73.976806, 40.739445)
"34","2017","Tudor City",61,27,NA,NA,52,c(-73.97121414, 40.75022392)
"35","2021","Clinton",100,141,98,158,121,c(-73.98859651, 40.75929124)
"36","2022","Upper East Side",8,NA,6,3,2,c(-73.959223, 40.759107)
"37","2023","Midtown",NA,NA,NA,NA,NA,c(-73.97031366, 40.75968085)
"38","212","Chelsea",336,596,481,495,422,c(-74.00681753, 40.74334935)
"39","216","Brooklyn Heights",35,25,23,48,23,c(-73.99548059, 40.70037867)
"40","217","DUMBO",130,151,126,189,199,c(-73.99383605, 40.70277159)
"41","223","Greenwich Village",316,380,234,249,NA,c(-73.99994661, 40.73781509)
"42","224","Financial District",572,769,NA,NA,495,c(-74.00552427, 40.71146364)
"43","225","West Village",NA,NA,NA,NA,NA,c(-74.00803013, 40.74195138)
"44","228","Turtle Bay",33,44,47,60,57,c(-73.971878855, 40.7546011026)
"45","229","NoHo",451,723,816,957,792,c(-73.99379025, 40.72743423)
"46","232","Downtown",NA,NA,NA,NA,NA,c(-73.99014892, 40.69597683)
"47","236","East Village",254,464,318,259,294,c(-73.98713956, 40.7284186)
"48","237","East Village",259,341,287,278,218,c(-73.98672378, 40.73047309)
"49","238","West Village",597,820,647,751,633,c(-74.00859207, 40.7361967)
"50","239","Fort Greene",48,33,10,11,31,c(-73.9813018, 40.69196566)
"51","241","Fort Greene",60,42,15,28,27,c(-73.97493121, 40.68981035)
"52","242","Fort Greene",9,12,18,37,26,c(-73.973736, 40.697787)
"53","243","Fort Greene",NA,NA,NA,NA,NA,c(-73.979382, 40.688226)
"54","244","Clinton Hill",19,8,13,49,22,c(-73.96536851, 40.69196035)
"55","245","Fort Greene",35,16,10,23,14,c(-73.97703874, 40.69327018)
"56","247","West Village",551,707,263,213,166,c(-74.00483091, 40.73535398)
"57","248","Tribeca",433,573,573,666,483,c(-74.00771779, 40.72185379)
"58","249","Tribeca",548,1151,996,1336,972,c(-74.0090009, 40.71870987)
"59","250","Little Italy",483,523,NA,NA,NA,c(-73.99565293, 40.72456089)
"60","251","Little Italy",776,917,617,713,722,c(-73.99480012, 40.72317958)
"61","252","Greenwich Village",361,396,314,335,197,c(-73.99852205, 40.73226398)
"62","253","Greenwich Village",NA,NA,NA,NA,NA,c(-73.99453948, 40.73543934)
"63","254","Greenwich Village",209,331,202,147,169,c(-73.99800419, 40.73532427)
"64","255","Sunset Park",NA,NA,NA,NA,NA,c(-74.01651, 40.646768)
"65","257","Tribeca",1298,3481,1943,2443,1195,c(-74.00247214, 40.71939226)
"66","258","Clinton Hill",33,9,17,49,12,c(-73.96885458, 40.68940747)
"67","259","Financial District",384,362,395,370,261,c(-74.01234218, 40.70122128)
"68","260","Financial District",458,418,334,318,179,c(-74.01167797, 40.70365182)
"69","261","Downtown",76,126,30,96,56,c(-73.98362464, 40.69474881)
"70","262","Fort Greene",34,39,30,63,13,c(-73.9737299, 40.6917823)
"71","263","Chinatown",NA,NA,NA,NA,NA,c(-73.9962244033813, 40.7175908180598)
"72","264","Financial District",635,711,640,608,637,c(-74.00731853, 40.70706456)
"73","265","Lower East Side",225,403,354,373,316,c(-73.99147535, 40.72229346)
"74","266","East Village",NA,NA,NA,NA,NA,c(-73.97574813, 40.72368361)
"75","267","Garment District",63,68,59,73,40,c(-73.98765428, 40.75097711)
"76","268","Little Italy",517,1125,1162,1138,1116,c(-73.99973337, 40.71910537)
"77","270","Fort Greene",16,22,27,22,36,c(-73.97178913, 40.69308257)
"78","274","Fort Greene",43,31,14,35,11,c(-73.976682, 40.68691865)
"79","275","Clinton Hill",28,3,20,18,6,c(-73.96563307, 40.68650065)
"80","276","Tribeca",1099,1601,1406,1535,1281,c(-74.0104554, 40.71748752)
"81","278","Fort Greene",73,83,24,64,55,c(-73.98476437, 40.69766564)
"82","279","Financial District",NA,NA,NA,NA,NA,c(-74.00167, 40.707873)
"83","280","Greenwich Village",302,453,240,274,209,c(-73.99510132, 40.73331967)
"84","281","Midtown",38,73,68,115,42,c(-73.97371465, 40.7643971)
"85","282","Williamsburg",29,11,7,10,34,c(-73.9684152603149, 40.7076449441757)
"86","284","West Village",507,561,NA,520,521,c(-74.0026376103, 40.7390169121)
"87","285","Greenwich Village",499,654,496,636,438,c(-73.99074142, 40.73454567)
"88","289","Bedford Stuyvesant",4,5,28,5,1,c(-73.95881081, 40.6845683)
"89","291","Lower East Side",134,212,122,192,89,c(-73.984844, 40.713126)
"90","293","Greenwich Village",328,535,556,543,49,c(-73.9910262823105, 40.7302066052995)
"91","295","Lower East Side",327,469,319,280,340,c(-73.99293911, 40.71406667)
"92","296","Chinatown",NA,NA,NA,NA,NA,c(-73.9970468, 40.71413089)
"93","297","Gramercy",289,238,159,155,106,c(-73.986923, 40.734232)
"94","298","Downtown",40,18,41,NA,33,c(-73.9796772, 40.68683208)
"95","300","East Village",NA,NA,NA,NA,NA,c(-73.990214, 40.728145)
"96","3002","Battery Park",NA,NA,NA,NA,NA,c(-74.015756, 40.711512)
"97","301","East Village",320,389,221,268,287,c(-73.98368779, 40.72217444)
"98","3016","Williamsburg",87,79,32,50,24,c(-73.9616507291794, 40.7203677529846)
"99","302","East Village",86,90,69,54,124,c(-73.97793172, 40.72082834)
"100","303","SoHo",633,1071,887,896,650,c(-73.99949601, 40.72362738)
"101","304","Financial District",684,1190,1000,1277,961,c(-74.01361706, 40.70463334)
"102","3041","Bedford Stuyvesant",13,8,23,1,NA,c(-73.94142771, 40.67890679)
"103","3042","Bedford Stuyvesant",16,50,42,15,3,c(-73.9298911, 40.6794268)
"104","3043","Bedford Stuyvesant",6,2,2,1,NA,c(-73.934903, 40.6814598)
"105","3044","Bedford Stuyvesant",8,NA,NA,1,NA,c(-73.938475, 40.6800105)
"106","3046","Bedford Stuyvesant",2,3,5,7,NA,c(-73.938037, 40.682601)
"107","3047","Bedford Stuyvesant",7,1,3,2,1,c(-73.944118, 40.6823687)
"108","3048","Bedford Stuyvesant",9,7,NA,2,6,c(-73.94977, 40.68402)
"109","3049","Clinton Hill",23,28,22,27,25,c(-73.96304, 40.68488)
"110","305","Sutton Place",76,88,43,54,27,c(-73.96724467, 40.76095756)
"111","3050","Bedford Stuyvesant",4,1,6,8,3,c(-73.94111, 40.6851532)
"112","3052","Bedford Stuyvesant",6,4,20,3,3,c(-73.935775, 40.686312)
"113","3053","Bedford Stuyvesant",3,5,10,6,2,c(-73.947915, 40.6900815)
"114","3054","Bedford Stuyvesant",3,2,5,4,9,c(-73.942061, 40.6894932)
"115","3055","Bedford Stuyvesant",9,8,5,3,2,c(-73.950916, 40.6883337)
"116","3056","Bedford Stuyvesant",11,11,3,8,2,c(-73.95133465, 40.69072549)
"117","3057","Bedford Stuyvesant",3,18,2,15,38,c(-73.9452416, 40.69128258)
"118","3058","Bedford Stuyvesant",17,8,6,1,1,c(-73.93705428, 40.69237074)
"119","3059","Bedford Stuyvesant",17,NA,NA,1,1,c(-73.939877, 40.6933982)
"120","306","Financial District",NA,NA,NA,NA,NA,c(-74.00530063, 40.70823502)
"121","3060","Bedford Stuyvesant",16,8,3,1,1,c(-73.94626915, 40.69425403)
"122","3061","Bedford Stuyvesant",3,1,5,NA,NA,c(-73.94371094, 40.69622937)
"123","3062","Bedford Stuyvesant",16,6,2,1,NA,c(-73.94954908, 40.69539817)
"124","3063","Bedford Stuyvesant",3,12,7,3,NA,c(-73.95238108, 40.69527008)
"125","3064","Bedford Stuyvesant",2,7,21,24,17,c(-73.93756926, 40.69681963)
"126","3065","Williamsburg",4,2,2,NA,NA,c(-73.95032283, 40.70029511)
"127","3066","Bedford Stuyvesant",3,NA,NA,3,1,c(-73.94708417, 40.69957608)
"128","3067","Williamsburg",4,1,1,6,2,c(-73.9437303, 40.7016657)
"129","3068","Williamsburg",13,54,2,9,2,c(-73.940636, 40.7031724)
"130","3069","Williamsburg",1,6,2,1,NA,c(-73.94818595, 40.70411791)
"131","307","Lower East Side",530,873,537,453,540,c(-73.98990025, 40.71427487)
"132","3070","Williamsburg",4,28,2,2,1,c(-73.94407279, 40.70510918)
"133","3071","Williamsburg",6,9,11,NA,2,c(-73.94976519, 40.70538077)
"134","3072","Williamsburg",9,9,14,3,2,c(-73.94644578, 40.70583339)
"135","3073","Williamsburg",NA,NA,NA,NA,NA,c(-73.95441667, 40.70691254)
"136","3074","Williamsburg",33,11,6,7,10,c(-73.94016171, 40.70767788)
"137","3075","Williamsburg",2,NA,NA,3,2,c(-73.95796783, 40.70708701)
"138","3076","Williamsburg",17,15,11,3,15,c(-73.9448625, 40.70870368)
"139","3077","Williamsburg",46,59,72,12,15,c(-73.95095259, 40.70877084)
"140","3078","Williamsburg",20,38,8,11,7,c(-73.9606314897537, 40.7092482627616)
"141","3079","Williamsburg",NA,NA,NA,NA,NA,c(-73.94714303, 40.71103537)
"142","308","Lower East Side",526,717,599,579,524,c(-73.99851193, 40.71307916)
"143","3080","Williamsburg",85,43,22,34,13,c(-73.95608, 40.70934)
"144","3081","Williamsburg",30,19,10,5,5,c(-73.944024, 40.711863)
"145","3082","Williamsburg",46,37,37,14,19,c(-73.95141312, 40.71167351)
"146","3083","Williamsburg",7,7,55,7,6,c(-73.94100005, 40.71247661)
"147","3084","Williamsburg",NA,NA,NA,NA,NA,c(-73.94792458, 40.71348658)
"148","3085","Williamsburg",49,10,NA,47,43,c(-73.95739, 40.71469)
"149","3086","Williamsburg",11,4,5,14,4,c(-73.944507, 40.715143)
"150","3087","Williamsburg",17,28,4,5,12,c(-73.95234386, 40.71413311)
"151","3088","Williamsburg",17,16,3,12,22,c(-73.952029, 40.7160751)
"152","3089","Williamsburg",NA,NA,NA,NA,NA,c(-73.9482021331787, 40.7173184038558)
"153","309","Tribeca",983,1925,1179,1114,590,c(-74.013012, 40.7149787)
"154","3090","Williamsburg",NA,NA,NA,NA,NA,c(-73.95600096, 40.71774592)
"155","3091","Williamsburg",NA,NA,NA,NA,NA,c(-73.94882, 40.71764)
"156","3092","Williamsburg",43,28,13,36,28,c(-73.95852515, 40.7190095)
"157","3093","Williamsburg",28,23,23,24,58,c(-73.95850939, 40.71745169)
"158","3094","Williamsburg",17,3,4,5,5,c(-73.94485918, 40.7169811)
"159","3095","Williamsburg",34,1,3,NA,NA,c(-73.94500379, 40.71929301)
"160","3096","Williamsburg",28,15,7,5,3,c(-73.95242, 40.71924)
"161","3098","Greenpoint",NA,NA,NA,NA,NA,c(-73.94861, 40.71928)
"162","310","Boerum Hill",64,52,43,40,49,c(-73.98912867, 40.68926942)
"163","3100","Greenpoint",13,40,17,32,5,c(-73.947526216507, 40.7248125644002)
"164","3101","Williamsburg",10,35,9,11,9,c(-73.95484712, 40.72079821)
"165","3102","Greenpoint",7,11,20,5,9,c(-73.9504154, 40.72179134)
"166","3103","Williamsburg",NA,NA,NA,NA,NA,c(-73.95782357, 40.72153267)
"167","3105","Greenpoint",2,8,6,11,6,c(-73.955736, 40.724055)
"168","3106","Greenpoint",15,27,10,2,2,c(-73.94308, 40.72325)
"169","3107","Greenpoint",22,15,19,55,12,c(-73.95212324, 40.72311651)
"170","3108","Greenpoint",1,33,23,3,2,c(-73.94434, 40.72557)
"171","3109","Greenpoint",14,5,8,9,1,c(-73.95621, 40.72606)
"172","311","Lower East Side",329,459,374,392,297,c(-73.98802084, 40.7172274)
"173","3110","Greenpoint",13,8,44,2,NA,c(-73.95299117, 40.72708584)
"174","3111","Greenpoint",NA,NA,NA,NA,NA,c(-73.95064893, 40.7258483)
"175","3112","Greenpoint",16,20,10,44,48,c(-73.95779, 40.72906)
"176","3113","Greenpoint",16,4,12,14,7,c(-73.95394, 40.73026)
"177","3115","Greenpoint",9,20,35,43,26,c(-73.9550858, 40.73232194)
"178","3116","Greenpoint",8,10,3,9,2,c(-73.95826, 40.73266)
"179","3117","Greenpoint",5,4,2,3,4,c(-73.95866, 40.73564)
"180","3118","Greenpoint",4,4,2,1,2,c(-73.95284, 40.73555)
"181","3119","Hunters Point",2,3,4,1,1,c(-73.95411749, 40.74232744)
"182","312","Lower East Side",324,607,416,488,546,c(-73.989111, 40.722055)
"183","3120","Hunters Point",NA,NA,NA,NA,NA,c(-73.96044, 40.74161)
"184","3121","Hunters Point",1,2,NA,2,NA,c(-73.94733276, 40.74524768)
"185","3122","Hunters Point",1,1,1,NA,NA,c(-73.9558732509613, 40.7443632870669)
"186","3123","Sunnyside",NA,NA,NA,NA,NA,c(-73.93540375, 40.74469738)
"187","3124","Hunters Point",1,NA,NA,2,NA,c(-73.95451, 40.74731)
"188","3125","Hunters Point",1,NA,1,NA,NA,c(-73.94977234, 40.74708586)
"189","3126","Hunters Point",1,2,2,1,1,c(-73.9432635, 40.74718234)
"190","3127","Hunters Point",NA,NA,NA,NA,NA,c(-73.9521, 40.74966)
"191","3128","Hunters Point",1,NA,NA,1,3,c(-73.94594845, 40.75052534)
"192","3129","Astoria",8,4,5,4,1,c(-73.94073717, 40.75110165)
"193","313","Clinton Hill",22,23,23,26,68,c(-73.96751037, 40.69610226)
"194","3130","Astoria",9,NA,1,2,NA,c(-73.94335788, 40.75325964)
"195","3131","Upper East Side",12,5,5,8,3,c(-73.9622461795807, 40.7671284034954)
"196","3132","Midtown",45,45,32,49,19,c(-73.97109243, 40.76350532)
"197","3134","Upper East Side",33,12,9,19,12,c(-73.96526895, 40.76312584)
"198","3135","Upper East Side",18,12,4,5,20,c(-73.95772297, 40.77112927)
"199","3136","Upper East Side",90,42,14,9,NA,c(-73.971518, 40.766368)
"200","3137","Upper East Side",73,37,16,24,14,c(-73.96685276, 40.77282817)
"201","3138","Upper East Side",NA,NA,NA,NA,NA,c(-73.9617526531219, 40.774405455003)
"202","3139","Upper East Side",19,13,14,11,8,c(-73.9640942215919, 40.7711828754066)
"203","314","Brooklyn Heights",NA,NA,NA,NA,NA,c(-73.990539, 40.69383)
"204","3140","Upper East Side",24,24,22,10,45,c(-73.9535166, 40.77140426)
"205","3141","Upper East Side",74,35,33,20,11,c(-73.95818491, 40.76500525)
"206","3142","Upper East Side",79,21,28,20,5,c(-73.96094022, 40.7612274)
"207","3143","Upper East Side",43,34,10,11,24,c(-73.9642739295959, 40.7763214218227)
"208","3144","Upper East Side",24,NA,NA,3,2,c(-73.9590097, 40.77677702)
"209","3145","Upper East Side",29,25,17,15,30,c(-73.95772073, 40.77862688)
"210","3146","Upper East Side",14,6,9,23,12,c(-73.9567526, 40.77573034)
"211","3147","Upper East Side",16,2,10,5,4,c(-73.95407149, 40.77801203)
"212","3148","Upper East Side",29,NA,5,2,2,c(-73.95068615, 40.77565541)
"213","315","Financial District",562,1101,780,639,344,c(-74.00670227, 40.70355377)
"214","3150","Upper East Side",7,15,3,5,1,c(-73.94803392, 40.77536905)
"215","3151","Upper East Side",16,3,5,11,4,c(-73.94989233, 40.7728384)
"216","3152","Upper East Side",4,3,2,10,6,c(-73.96119945, 40.76873687)
"217","3153","Upper East Side",NA,NA,NA,NA,NA,c(-73.9591026306152, 40.7681754674225)
"218","3154","Upper East Side",15,17,8,NA,5,c(-73.95856158, 40.77314236)
"219","3155","Upper East Side",NA,NA,NA,NA,NA,c(-73.96648977, 40.76440023)
"220","3156","Upper East Side",21,11,20,11,11,c(-73.95348296, 40.76663814)
"221","3157","Upper East Side",8,2,NA,2,2,c(-73.94446054, 40.77518615)
"222","3158","Upper West Side",99,135,77,109,66,c(-73.98261428, 40.77163851)
"223","3159","Upper West Side",58,95,47,69,48,c(-73.98266566, 40.77492513)
"224","316","Financial District",616,1176,800,102,615,c(-74.00653609, 40.70955958)
"225","3160","Central Park",42,38,16,22,26,c(-73.97374737, 40.77896784)
"226","3161","Upper West Side",46,87,29,60,40,c(-73.9772853255272, 40.7801839724239)
"227","3162","Upper West Side",NA,NA,NA,NA,NA,c(-73.98093133, 40.78339981)
"228","3163","Central Park",71,42,23,26,26,c(-73.97782542, 40.7734066)
"229","3164","Upper West Side",126,69,96,147,91,c(-73.97898475, 40.7770575)
"230","3165","Central Park",68,33,44,37,30,c(-73.9762057363987, 40.7757937668367)
"231","3166","Upper West Side",266,198,143,180,145,c(-73.9856243133545, 40.7805779901033)
"232","3167","Upper West Side",72,82,77,61,60,c(-73.9809304475784, 40.7796680900731)
"233","3168","Central Park",NA,NA,NA,NA,NA,c(-73.96961715, 40.78472675)
"234","3169","Upper West Side",126,76,103,148,111,c(-73.98128127, 40.78720869)
"235","317","East Village",244,254,228,159,256,c(-73.98185424, 40.72453734)
"236","3170","Upper West Side",54,28,18,12,19,c(-73.97283406, 40.78499979)
"237","3171","Upper West Side",58,20,29,63,19,c(-73.97667321, 40.78524672)
"238","3172","Upper West Side",38,12,10,30,23,c(-73.97754961, 40.7785669)
"239","3173","Upper West Side",368,205,121,201,261,c(-73.9888858795166, 40.777507027548)
"240","3175","Upper West Side",65,77,29,19,46,c(-73.98288594, 40.77748046)
"241","3176","Upper West Side",NA,NA,NA,NA,NA,c(-73.98753759, 40.77452835)
"242","3177","Upper West Side",32,56,35,40,48,c(-73.977112, 40.7867947)
"243","3178","Upper West Side",159,139,88,93,99,c(-73.98362492, 40.78414472)
"244","3179","Bedford Stuyvesant",1,NA,1,2,NA,c(-73.941342, 40.698617)
"245","3180","Brooklyn Heights",NA,NA,NA,NA,NA,c(-73.99712, 40.69878)
"246","3182","Governors Island",4,NA,3,NA,NA,c(-74.016966, 40.686931)
"247","319","Financial District",1435,1849,1447,1296,668,c(-74.009447, 40.711066)
"248","320","Tribeca",1485,1794,1398,1668,1476,c(-74.005549, 40.717571)
"249","321","Downtown",91,158,105,184,150,c(-73.98971773, 40.69991755)
"250","322","Brooklyn Heights",NA,NA,NA,NA,NA,c(-73.991218, 40.696192)
"251","3221","Sunnyside",7,NA,1,NA,1,c(-73.93561, 40.743)
"252","3222","Fort Greene",NA,NA,NA,NA,NA,c(-73.9771136641502, 40.6851595998918)
"253","3223","Sutton Place",NA,NA,NA,NA,NA,c(-73.9686539769173, 40.7589965596051)
"254","3224","West Village",NA,NA,NA,NA,NA,c(-74.0051387250423, 40.7399735410341)
"255","3226","Central Park",28,NA,22,15,15,c(-73.97137, 40.78275)
"256","323","Downtown",61,115,149,168,313,c(-73.98631746, 40.69236178)
"257","3230","Chelsea",NA,NA,NA,NA,NA,c(-73.9969244599342, 40.7512835969623)
"258","3231","Upper East Side",14,9,10,11,20,c(-73.9659208059311, 40.7678008014813)
"259","3232","Downtown",40,44,35,58,64,c(-73.9830426871777, 40.6896218879033)
"260","3233","Midtown",45,100,68,52,42,c(-73.978059142828, 40.7572456791173)
"261","3235","Murray Hill",38,113,79,73,52,c(-73.9799219369888, 40.752165280622)
"262","3236","Clinton",122,173,110,295,168,c(-73.9937996864319, 40.7589848139963)
"263","3237","Astoria",NA,NA,NA,NA,NA,c(-73.942676782608, 40.7538334343762)
"264","3238","Upper East Side",NA,NA,NA,NA,NA,c(-73.9543953537941, 40.7739139023812)
"265","324","Fort Greene",24,8,43,16,64,c(-73.981013, 40.689888)
"266","3241","Bedford Stuyvesant",25,4,27,17,18,c(-73.944694, 40.686203)
"267","3242","Brooklyn Heights",59,18,17,24,49,c(-73.991833627224, 40.6910292567797)
"268","3243","Sutton Place",16,2,13,12,3,c(-73.9622622728348, 40.7589238637769)
"269","3244","Greenwich Village",450,478,372,387,251,c(-73.9949034154415, 40.7314372408523)
"270","3246","Brooklyn Heights",67,NA,NA,NA,70,c(-73.9923003315926, 40.6942811413973)
"271","3249","Bedford Stuyvesant",4,1,2,2,2,c(-73.9476791024208, 40.6803560840434)
"272","325","Gramercy",286,167,159,190,97,c(-73.98473765, 40.73624527)
"273","3254","Governors Island",2,2,NA,1,NA,c(-74.0148657560349, 40.6923166071919)
"274","3255","Garment District",166,963,441,710,252,c(-73.9946848154068, 40.7505853470215)
"275","3256","SoHo",1809,1614,1353,1465,996,c(-74.011295735836, 40.7277140777778)
"276","3258","Chelsea",NA,NA,NA,NA,NA,c(-74.0021842718124, 40.7501815632568)
"277","3259","Chelsea",187,256,130,240,151,c(-73.9992338418961, 40.7493702419328)
"278","326","East Village",198,445,221,183,134,c(-73.98426726, 40.72953837)
"279","3260","Greenwich Village",348,569,655,665,447,c(-73.9966213703155, 40.7270636334831)
"280","3263","NoHo",302,458,378,448,697,c(-73.990752696991, 40.7295149622495)
"281","3264","Upper East Side",NA,NA,NA,NA,NA,c(-73.9691045880318, 40.7642100716906)
"282","3265","East Village",NA,NA,NA,NA,NA,c(-73.9894437789917, 40.7245634290432)
"283","327","Battery Park",1123,3945,2794,3032,2093,c(-74.01658354, 40.7153379)
"284","328","Tribeca",1637,2086,1915,1868,762,c(-74.00965965, 40.72405549)
"285","3282","Carnegie Hill",23,19,19,19,22,c(-73.95939, 40.78307)
"286","3283","Upper West Side",29,14,18,15,5,c(-73.97041561, 40.7882213)
"287","3284","Carnegie Hill",4,3,7,6,16,c(-73.9559590816498, 40.78141070019)
"288","3285","Upper West Side",18,22,14,26,24,c(-73.9747, 40.78839)
"289","3286","Upper East Side",12,6,3,5,2,c(-73.9521667, 40.7806284)
"290","3287","Upper West Side",24,47,NA,NA,48,c(-73.97757, 40.789622)
"291","3288","Upper East Side",15,5,14,7,4,c(-73.9488134, 40.778301)
"292","3289","Upper West Side",16,5,24,21,10,c(-73.9728891849518, 40.7901794809508)
"293","329","Tribeca",NA,NA,NA,NA,NA,c(-74.0103650093079, 40.7201522702329)
"294","3290","Upper East Side",10,31,14,12,3,c(-73.946041, 40.7779453)
"295","3291","Upper West Side",NA,NA,NA,NA,NA,c(-73.97685115, 40.7933718)
"296","3292","Carnegie Hill",12,13,5,4,8,c(-73.957481, 40.7857851)
"297","3293","Upper West Side",23,44,25,38,17,c(-73.9739, 40.7921)
"298","3294","Carnegie Hill",14,8,4,4,1,c(-73.955327, 40.7835016)
"299","3295","Central Park",4,8,13,11,5,c(-73.964839, 40.79127)
"300","3296","Upper East Side",10,3,2,3,NA,c(-73.9489196240902, 40.7824541752799)
"301","3297","Park Slope",13,2,4,13,16,c(-73.97988067, 40.6686627)
"302","3298","Carroll Gardens",24,11,8,4,11,c(-73.99383324, 40.686371)
"303","3299","East Harlem",2,NA,1,NA,NA,c(-73.95206, 40.78813)
"304","330","Lower East Side",445,1121,1145,1132,907,c(-74.00562789, 40.71450451)
"305","3300","Park Slope",7,7,3,7,2,c(-73.9763760566711, 40.6651468153379)
"306","3301","Upper West Side",40,8,48,28,9,c(-73.968087, 40.7919557)
"307","3302","Upper West Side",5,NA,2,3,3,c(-73.9643412291, 40.7969347)
"308","3303","Carroll Gardens",9,14,22,56,14,c(-73.99440329, 40.6849894)
"309","3304","Park Slope",9,13,14,7,3,c(-73.98377641, 40.668127)
"310","3305","Upper East Side",16,6,2,1,4,c(-73.9496558904648, 40.7811222993417)
"311","3306","Park Slope",9,12,9,11,4,c(-73.98199886, 40.6662078)
"312","3307","Upper West Side",93,48,98,50,39,c(-73.974124, 40.7941654)
"313","3308","Cobble Hill",12,26,47,36,12,c(-73.99645295, 40.6861758)
"314","3309","East Harlem",2,NA,NA,1,NA,c(-73.94860294, 40.7859201)
"315","331","Lower East Side",215,261,187,128,201,c(-73.99193043, 40.71173107)
"316","3310","Park Slope",9,8,5,2,5,c(-73.98396846, 40.663779)
"317","3311","Columbia Street Waterfront District",16,11,48,33,38,c(-74.0016256, 40.68763155)
"318","3312","Upper East Side",6,NA,2,NA,1,c(-73.94594, 40.7817212)
"319","3313","Park Slope",9,9,4,14,11,c(-73.9854617, 40.6663181)
"320","3314","Upper West Side",44,47,35,25,18,c(-73.971888, 40.7937704)
"321","3315","Cobble Hill",14,12,13,16,42,c(-73.99917254, 40.6847514)
"322","3316","Upper West Side",NA,NA,NA,NA,NA,c(-73.9662173778, 40.7989937)
"323","3317","Park Slope",6,3,6,33,2,c(-73.98700053, 40.6686273)
"324","3318","Upper East Side",14,4,7,2,NA,c(-73.9471673, 40.7839636)
"325","3319","Park Slope",18,15,7,6,1,c(-73.98895053, 40.666287)
"326","332","Lower East Side",141,219,105,109,133,c(-73.97948148, 40.71219906)
"327","3320","Central Park",4,3,5,19,NA,c(-73.9628684520721, 40.7940666081855)
"328","3321","Carroll Gardens",19,26,13,22,14,c(-73.99785267, 40.6831164)
"329","3322","Gowanus",2,4,6,6,2,c(-73.9904394, 40.668603)
"330","3323","Upper West Side",29,11,15,26,22,c(-73.9605909006, 40.7981856)
"331","3324","Gowanus",10,10,5,4,3,c(-73.99333264, 40.6685455)
"332","3325","Upper East Side",14,NA,NA,1,2,c(-73.950503, 40.7849032)
"333","3326","Red Hook",4,1,NA,NA,NA,c(-74.00194698, 40.67434)
"334","3327","East Harlem",2,NA,NA,NA,NA,c(-73.94728331, 40.7877214)
"335","3328","Upper West Side",18,20,12,11,2,c(-73.9645, 40.795)
"336","3329","Carroll Gardens",14,22,26,22,13,c(-73.99318208, 40.6829151)
"337","3330","Red Hook",2,NA,2,NA,1,c(-74.00494695, 40.6725058)
"338","3331","Upper West Side",82,55,48,62,30,c(-73.9711457439, 40.8013434)
"339","3332","Gowanus",17,23,9,NA,1,c(-73.9907902479172, 40.681990442707)
"340","3333","Red Hook",2,NA,NA,NA,1,c(-74.0075572, 40.6747055)
"341","3335","Park Slope",26,58,15,9,33,c(-73.98282002, 40.6772744)
"342","3336","East Harlem",14,11,6,26,NA,c(-73.953559, 40.787801)
"343","3337","Red Hook",5,NA,1,2,NA,c(-74.0119555592537, 40.673635513415)
"344","3338","East Harlem",6,3,NA,2,NA,c(-73.94552579, 40.7862586)
"345","3339","Park Slope",10,10,30,56,NA,c(-73.97846879, 40.6765304)
"346","334","Chelsea",335,347,281,298,252,c(-73.99726235, 40.74238787)
"347","3340","Red Hook",1,2,NA,5,1,c(-74.0100698, 40.6753274)
"348","3341","Central Park",NA,NA,NA,NA,NA,c(-73.96186, 40.795346)
"349","3342","Red Hook",NA,NA,NA,NA,NA,c(-74.0094613, 40.6777748)
"350","3343","Upper West Side",5,4,2,48,18,c(-73.9621128676, 40.7997568)
"351","3344","Red Hook",2,6,4,3,3,c(-74.011169, 40.679043)
"352","3345","East Harlem",7,2,NA,4,NA,c(-73.9524292945862, 40.7894854155321)
"353","3346","Park Slope",2,6,19,19,4,c(-73.9752320945263, 40.6751468387098)
"354","3347","Red Hook",1,54,3,6,2,c(-74.01275056, 40.6773429)
"355","3348","Red Hook",8,2,4,11,3,c(-74.015665, 40.677236)
"356","3349","Park Slope",19,8,13,12,5,c(-73.97087984, 40.6729679)
"357","335","NoHo",318,572,432,466,376,c(-73.99404649, 40.72903917)
"358","3350","Upper West Side",41,49,38,15,20,c(-73.97041192, 40.7973721)
"359","3351","East Harlem",5,3,NA,NA,NA,c(-73.94164802, 40.7869946)
"360","3352","Red Hook",14,2,NA,1,NA,c(-74.0087952464819, 40.6726724341095)
"361","3353","Red Hook",NA,NA,NA,NA,NA,c(-74.01612847, 40.6747844)
"362","3354","Park Slope",14,5,3,4,3,c(-73.97363831, 40.668132)
"363","3355","Upper East Side",12,5,14,1,1,c(-73.9684528112411, 40.7680088930595)
"364","3356","Upper West Side",52,56,22,37,19,c(-73.98470567, 40.7746671)
"365","3357","Upper West Side",15,13,12,7,19,c(-73.9664492472, 40.8008363)
"366","3358","Park Slope",7,6,6,6,14,c(-73.97484126, 40.6711978)
"367","3359","Upper East Side",8,8,2,6,5,c(-73.96703464, 40.7691572)
"368","336","Greenwich Village",376,704,589,513,415,c(-73.99906065, 40.73047747)
"369","3360","Upper West Side",3,43,40,77,24,c(-73.9786517, 40.7829391)
"370","3361","Park Slope",8,5,10,20,16,c(-73.9787282, 40.6740886)
"371","3362","Upper East Side",25,14,9,7,2,c(-73.96069399, 40.7781314)
"372","3363","East Harlem",3,NA,1,1,1,c(-73.95033068, 40.7904828)
"373","3364","Park Slope",17,22,19,11,16,c(-73.9814832, 40.6751622)
"374","3365","Park Slope",43,21,39,31,28,c(-73.97839676, 40.6703837)
"375","3366","Upper West Side",22,14,37,32,4,c(-73.9681805305, 40.8021174)
"376","3367","East Harlem",12,1,5,3,2,c(-73.95249933, 40.7922553)
"377","3368","Park Slope",14,44,41,13,38,c(-73.98352355, 40.6728155)
"378","3369","Upper East Side",32,2,1,NA,NA,c(-73.9468208, 40.7724607)
"379","337","Financial District",NA,NA,NA,NA,NA,c(-74.00838676, 40.7037992)
"380","3370","Upper East Side",12,19,2,2,4,c(-73.95577801, 40.7727966)
"381","3371","Park Slope",NA,NA,NA,NA,NA,c(-73.9850114285946, 40.6746134224758)
"382","3372","Upper East Side",74,9,23,19,6,c(-73.95482273, 40.7689738)
"383","3373","Gowanus",7,5,5,3,5,c(-73.98775226, 40.6750705)
"384","3374","Central Park",19,3,9,14,6,c(-73.955613, 40.799484)
"385","3375","Upper East Side",12,9,12,4,2,c(-73.96060712, 40.7699426)
"386","3376","Upper East Side",16,3,4,13,3,c(-73.962220698595, 40.7647185194434)
"387","3377","Gowanus",28,22,14,20,3,c(-73.99037292, 40.6786115)
"388","3378","Upper East Side",21,14,9,14,4,c(-73.96222088, 40.773763)
"389","3379","East Harlem",3,2,NA,NA,NA,c(-73.94755757, 40.7903051)
"390","3381","Gowanus",4,1,4,10,10,c(-73.99364123, 40.6777287)
"391","3382","Carroll Gardens",10,16,24,71,58,c(-73.99475825, 40.680611)
"392","3383","Upper West Side",32,31,11,57,30,c(-73.96699104, 40.804213)
"393","3384","Carroll Gardens",10,4,4,10,2,c(-73.99599099, 40.6787242)
"394","3386","Carroll Gardens",25,11,8,29,22,c(-73.99905709, 40.6809591)
"395","3387","East Harlem",2,2,NA,NA,NA,c(-73.94945003, 40.7934337)
"396","3388","Carroll Gardens",9,17,15,24,10,c(-73.99990419, 40.6828003)
"397","3389","Columbia Street Waterfront District",NA,NA,NA,NA,NA,c(-74.00348559, 40.6830456)
"398","339","East Village",NA,NA,NA,NA,NA,c(-73.97422494, 40.72580614)
"399","3390","East Harlem",7,12,1,NA,2,c(-73.9432083, 40.79329668)
"400","3391","East Harlem",2,NA,NA,6,NA,c(-73.93956237, 40.7892529)
"401","3392","Red Hook",4,10,3,NA,4,c(-74.00860912, 40.6812117)
"402","3393","Red Hook",1,NA,NA,1,2,c(-74.00785041, 40.6794327)
"403","3394","Red Hook",6,1,1,NA,NA,c(-74.00647134, 40.6769993)
"404","3395","Red Hook",2,NA,NA,1,1,c(-74.00324957, 40.6763744)
"405","3396","Carroll Gardens",19,18,18,12,11,c(-74.00014502, 40.6783563)
"406","3397","Carroll Gardens",23,15,4,10,4,c(-73.99869893, 40.6763947)
"407","3398","Carroll Gardens",12,4,2,3,2,c(-73.99785768, 40.6746957)
"408","3399","Gowanus",5,3,2,4,2,c(-73.9898300170898, 40.6726029815013)
"409","340","Lower East Side",157,230,266,173,127,c(-73.98776323, 40.71269042)
"410","3400","East Harlem",4,8,7,4,2,c(-73.94782145, 40.7961535)
"411","3401","Gowanus",NA,NA,NA,NA,NA,c(-73.99331394, 40.6724811)
"412","3402","Boerum Hill",46,32,40,74,47,c(-73.99203074, 40.6902375)
"413","3403","Gowanus",48,34,37,38,11,c(-73.98876585, 40.6705135)
"414","3404","Park Slope",6,19,1,8,3,c(-73.98541675, 40.6704922)
"415","3405","Park Slope",5,5,7,18,13,c(-73.98208968, 40.6704836)
"416","3407","Gowanus",12,7,13,13,1,c(-73.9876547455788, 40.6790979972168)
"417","3408","Cobble Hill",47,73,34,39,69,c(-73.99520919, 40.6881529)
"418","3409","Boerum Hill",44,83,111,115,22,c(-73.99063168, 40.6867443)
"419","341","Lower East Side",83,112,113,76,72,c(-73.97628939, 40.71782143)
"420","3410","Boerum Hill",35,1,20,4,NA,c(-73.98759104, 40.6864442)
"421","3411","Boerum Hill",52,84,51,23,22,c(-73.98620772, 40.6849668)
"422","3412","Boerum Hill",27,8,12,29,1,c(-73.98302136, 40.6853761)
"423","3413","Boerum Hill",NA,NA,NA,NA,NA,c(-73.98258555, 40.6827549)
"424","3414","Park Slope",17,29,20,21,7,c(-73.9756733179092, 40.6809447234773)
"425","3415","Park Slope",11,11,12,14,4,c(-73.97519523, 40.6793307)
"426","3416","Park Slope",10,40,NA,4,8,c(-73.97324283, 40.6776147)
"427","3417","Park Slope",22,7,16,38,11,c(-73.97854971, 40.6795766)
"428","3418","Park Slope",21,10,6,26,7,c(-73.97111473, 40.6750207)
"429","3419","Park Slope",25,13,29,47,57,c(-73.98154004, 40.6792788)
"430","342","Lower East Side",59,178,128,95,87,c(-73.98016555, 40.71739973)
"431","3420","Gowanus",22,11,11,25,22,c(-73.98432695, 40.6802133)
"432","3421","Gowanus",8,NA,8,2,1,c(-73.98901629, 40.6843549)
"433","3422","Columbia Street Waterfront District",15,47,12,6,14,c(-74.00242364, 40.6859296)
"434","3423","Park Slope",29,9,21,15,8,c(-73.9794525504112, 40.6610633719006)
"435","3424","East Harlem",6,NA,NA,NA,NA,c(-73.945993, 40.791976)
"436","3425","East Harlem",2,NA,1,NA,NA,c(-73.94370784, 40.7892105)
"437","3427","Little Italy",NA,NA,NA,NA,NA,c(-73.9960098266602, 40.7243052725033)
"438","3428","Chelsea",NA,NA,NA,NA,NA,c(-74.001702, 40.740983)
"439","3429","Fort Greene",16,27,32,33,16,c(-73.9779075980186, 40.6850680730818)
"440","343","Navy Yard",12,24,18,60,31,c(-73.96986848, 40.69794)
"441","3430","Williamsburg",12,6,NA,7,NA,c(-73.9422369003296, 40.7190789117956)
"442","3431","Murray Hill",NA,NA,NA,NA,NA,c(-73.977885, 40.746524)
"443","3432","Gowanus",NA,NA,NA,NA,NA,c(-73.9946365356445, 40.6690601350111)
"444","3434","Upper West Side",NA,NA,NA,NA,NA,c(-73.9771834015846, 40.7902541733042)
"445","3435","Little Italy",867,1357,1089,1116,288,c(-73.99596, 40.718822)
"446","3436","Tribeca",389,NA,NA,2016,595,c(-74.010065, 40.721319)
"447","3437","Upper West Side",84,51,47,49,NA,c(-73.9770036935806, 40.7931348098666)
"448","3438","Upper East Side",NA,NA,NA,NA,NA,c(-73.9584213495255, 40.7722485377217)
"449","344","Bedford Stuyvesant",12,3,13,18,4,c(-73.95380904, 40.6851443)
"450","3440","Downtown",52,136,79,61,NA,c(-73.989494740963, 40.6924182925785)
"451","3441","Chelsea",NA,NA,NA,NA,NA,c(-74.00264, 40.752957)
"452","3443","Midtown",114,70,132,102,NA,c(-73.9798200130463, 40.7613298312481)
"453","3447","Upper East Side",NA,NA,NA,NA,NA,c(-73.9562273025513, 40.7670343230987)
"454","3449","Greenpoint",NA,NA,NA,NA,NA,c(-73.9480090141296, 40.7214625622982)
"455","345","Greenwich Village",NA,NA,NA,NA,NA,c(-73.99704374, 40.73649403)
"456","3452","Greenpoint",16,2,NA,2,NA,c(-73.9488539099693, 40.7191557169604)
"457","3453","Williamsburg",22,10,3,2,NA,c(-73.9491033554077, 40.7133522622288)
"458","3454","Williamsburg",10,7,15,1,NA,c(-73.9470595121384, 40.7103685423523)
"459","3455","Downtown",NA,NA,NA,NA,NA,c(-73.9803618192673, 40.6868082050343)
"460","3456","Williamsburg",5,3,3,13,NA,c(-73.9482128620148, 40.7163803197356)
"461","3457","Midtown",39,22,24,NA,NA,c(-73.9720952510834, 40.7630259428052)
"462","3458","Midtown",NA,NA,NA,NA,NA,c(-73.9783501625061, 40.763093872708)
"463","3459","Turtle Bay",NA,NA,NA,NA,NA,c(-73.9693057537079, 40.7576322773944)
"464","346","West Village",657,785,433,551,533,c(-74.00618026, 40.73652889)
"465","3461","Tribeca",1798,2459,1710,1278,NA,c(-74.0112233161926, 40.7148515052625)
"466","3462","Turtle Bay",34,NA,12,24,NA,c(-73.9713871479034, 40.7511838746328)
"467","3463","Flatiron District",102,189,186,187,NA,c(-73.9879739284515, 40.7353670556054)
"468","3464","Garment District",NA,NA,NA,NA,NA,c(-73.98770570755, 40.7522709383741)
"469","3466","Midtown",NA,NA,NA,NA,NA,c(-73.9825773239136, 40.7566872060318)
"470","3467","SoHo",580,1236,971,772,NA,c(-74.0016585588455, 40.7249467235942)
"471","3469","Greenpoint",7,6,1,3,NA,c(-73.9599502086639, 40.7318140172097)
"472","347","SoHo",1026,1584,1485,1551,1065,c(-74.008591, 40.728846)
"473","3472","Chelsea",502,769,735,589,NA,c(-74.0074735879898, 40.742753828659)
"474","3474","SoHo",NA,NA,NA,NA,NA,c(-74.0041208267212, 40.7252556952547)
"475","3476","Greenpoint",NA,NA,NA,NA,NA,c(-73.9507395029068, 40.7257699672721)
"476","3477","Sunset Park",3,1,2,1,NA,c(-74.0106278657913, 40.6553997744783)
"477","3478","Greenwood",9,4,6,2,NA,c(-74.0087020397186, 40.6570886666848)
"478","3479","Governors Island",2,NA,NA,NA,NA,c(-74.0253531932831, 40.6851255951541)
"479","348","SoHo",NA,NA,NA,NA,NA,c(-74.00154702, 40.72490985)
"480","3486","Downtown",65,52,55,36,NA,c(-73.9845165610313, 40.6884174275408)
"481","3489","Financial District",NA,NA,NA,NA,NA,c(-74.003541469574, 40.7106999463139)
"482","349","Lower East Side",226,367,153,196,185,c(-73.98329859, 40.71850211)
"483","3490","East Harlem",NA,NA,NA,NA,NA,c(-73.937261, 40.796879)
"484","3491","East Harlem",1,NA,NA,NA,NA,c(-73.93504, 40.79747)
"485","3492","East Harlem",NA,NA,NA,NA,NA,c(-73.9419949, 40.8005385)
"486","3493","East Harlem",5,NA,NA,NA,NA,c(-73.9389152, 40.799139)
"487","3494","East Harlem",NA,NA,NA,NA,NA,c(-73.9423, 40.797911)
"488","3495","East Harlem",3,NA,NA,NA,NA,c(-73.9362541, 40.7945663)
"489","3496","East Harlem",6,NA,1,NA,NA,c(-73.9383, 40.7923272)
"490","3497","East Harlem",2,NA,NA,3,NA,c(-73.9333349, 40.7949879)
"491","3498","East Harlem",2,NA,NA,NA,NA,c(-73.9311847, 40.7974772)
"492","3499","East Harlem",NA,NA,NA,NA,NA,c(-73.9349, 40.8006721)
"493","350","Lower East Side",360,406,410,272,284,c(-73.9870295, 40.71559509)
"494","3500","East Harlem",2,NA,NA,NA,NA,c(-73.944846, 40.7989445)
"495","3501","East Harlem",1,1,1,NA,NA,c(-73.9442507, 40.8014866)
"496","3502","East Harlem",4,NA,2,NA,NA,c(-73.9441232, 40.7954121)
"497","3503","East Harlem",1,2,NA,NA,NA,c(-73.942954, 40.80295)
"498","3504","East Harlem",NA,NA,NA,NA,NA,c(-73.9379, 40.8029263)
"499","3505","East Harlem",NA,NA,NA,NA,NA,c(-73.936322, 40.805726)
"500","3506","East Harlem",NA,NA,NA,NA,NA,c(-73.9398167, 40.8013066)
"501","3507","East Harlem",3,5,3,NA,NA,c(-73.9396861, 40.8045555)
"502","3508","Harlem",1,2,1,1,NA,c(-73.953149, 40.809725)
"503","3509","Harlem",2,2,1,2,NA,c(-73.9500739, 40.8011939)
"504","351","Financial District",287,421,375,479,319,c(-74.00612572, 40.70530954)
"505","3510","Harlem",5,5,NA,NA,NA,c(-73.949373, 40.8078316)
"506","3511","Harlem",2,NA,4,1,NA,c(-73.9532423, 40.802535)
"507","3513","Astoria",NA,NA,NA,NA,NA,c(-73.923706, 40.774645)
"508","3514","Astoria",1,NA,NA,NA,NA,c(-73.927631, 40.7767)
"509","3515","Astoria",2,NA,NA,NA,NA,c(-73.918544, 40.774591)
"510","3516","Astoria",NA,NA,NA,NA,NA,c(-73.9184057, 40.7699176)
"511","3517","Astoria",1,2,NA,NA,NA,c(-73.9170074, 40.7711528)
"512","3518","Harlem",7,1,6,1,NA,c(-73.9452087, 40.808442)
"513","352","Midtown",NA,NA,NA,NA,NA,c(-73.97722479, 40.76340613)
"514","3520","Harlem",2,NA,NA,NA,NA,c(-73.951475, 40.804372)
"515","3521","Harlem",11,3,3,NA,NA,c(-73.9523, 40.7987859)
"516","3522","Astoria",1,NA,NA,NA,NA,c(-73.9120938, 40.7701477)
"517","3523","Astoria",NA,NA,NA,NA,NA,c(-73.916142, 40.7729)
"518","3524","Astoria",NA,NA,NA,NA,NA,c(-73.9225403, 40.7774552)
"519","3525","Astoria",1,NA,NA,NA,NA,c(-73.9153175, 40.776165)
"520","3526","Astoria",12,1,NA,NA,NA,c(-73.9125551, 40.7747878)
"521","3527","East Harlem",1,NA,1,NA,NA,c(-73.941747, 40.80698)
"522","3528","Astoria",NA,NA,NA,NA,NA,c(-73.9077436, 40.7713937)
"523","3529","Harlem",2,6,19,NA,NA,c(-73.9430681, 40.8107922)
"524","353","Fort Greene",50,24,5,35,31,c(-73.97431458, 40.68539567)
"525","3530","Astoria",1,NA,NA,NA,NA,c(-73.9145645, 40.7787185)
"526","3531","Harlem",1,4,1,1,NA,c(-73.9492286, 40.8125511)
"527","3532","Astoria",1,1,NA,NA,NA,c(-73.9183302, 40.78145)
"528","3533","Harlem",7,3,2,NA,NA,c(-73.9518776, 40.8114323)
"529","3534","Harlem",3,10,7,2,NA,c(-73.954692, 40.805159)
"530","3535","Harlem",8,NA,NA,7,NA,c(-73.945925, 40.804038)
"531","3536","Morningside Heights",24,18,28,10,NA,c(-73.9641, 40.8082)
"532","3537","Prospect Heights",11,41,26,6,NA,c(-73.9710097, 40.6809741)
"533","3538","Morningside Heights",11,11,5,4,NA,c(-73.96295, 40.802692)
"534","3539","Morningside Heights",6,4,8,NA,NA,c(-73.9607082, 40.8067581)
"535","354","Clinton Hill",20,9,10,11,4,c(-73.96223558, 40.69363137)
"536","3540","Morningside Heights",1,1,2,2,NA,c(-73.9551508, 40.81)
"537","3541","Morningside Heights",1,12,5,NA,NA,c(-73.956461, 40.813358)
"538","3542","Morningside Heights",5,3,5,2,NA,c(-73.9596214, 40.8086249)
"539","3543","Morningside Heights",2,5,1,NA,NA,c(-73.9573645591736, 40.81028506306)
"540","3544","Prospect Heights",15,57,54,1,NA,c(-73.9646795, 40.6804836)
"541","3545","Morningside Heights",1,8,11,3,NA,c(-73.9612547, 40.8120562)
"542","3546","Crown Heights",2,9,6,NA,NA,c(-73.9587903, 40.6791944)
"543","3547","Morningside Heights",10,52,36,20,NA,c(-73.9590255, 40.8143256)
"544","3549","Crown Heights",10,12,18,3,NA,c(-73.962408, 40.678045)
"545","355","Chinatown",917,1509,1287,1526,1448,c(-73.99974372, 40.71602118)
"546","3551","East Harlem",4,NA,NA,NA,NA,c(-73.941606, 40.795508)
"547","3552","Morningside Heights",31,12,22,12,NA,c(-73.964928, 40.805973)
"548","3553","Harlem",9,6,9,6,NA,c(-73.957145, 40.801694)
"549","3554","Astoria",1,NA,NA,NA,NA,c(-73.9485678, 40.7552433)
"550","3555","Astoria",1,2,1,1,NA,c(-73.93797, 40.751047)
"551","3557","Astoria",NA,NA,NA,NA,NA,c(-73.945133, 40.75742)
"552","3558","Prospect Heights",28,36,13,2,NA,c(-73.9680438, 40.6794388)
"553","3559","Astoria",1,NA,NA,NA,NA,c(-73.9391224, 40.7576314)
"554","356","Lower East Side",29,167,103,108,189,c(-73.98261206, 40.71622644)
"555","3561","Astoria",NA,NA,NA,NA,NA,c(-73.9279917, 40.7531106)
"556","3562","Crown Heights",21,43,10,NA,NA,c(-73.9596082, 40.6765198)
"557","3563","Astoria",NA,NA,NA,NA,NA,c(-73.932719, 40.757186)
"558","3564","Astoria",NA,NA,NA,NA,NA,c(-73.9362726, 40.7601853)
"559","3565","Astoria",NA,NA,NA,NA,NA,c(-73.9411265, 40.7614376)
"560","3566","Astoria",1,NA,NA,NA,NA,c(-73.9321455, 40.7596276)
"561","3567","Astoria",NA,NA,NA,NA,NA,c(-73.9391141, 40.7627442)
"562","3568","Astoria",NA,NA,NA,NA,NA,c(-73.9262231, 40.7569332)
"563","3569","Crown Heights",11,8,1,1,NA,c(-73.9561677, 40.6758324)
"564","357","Greenwich Village",NA,NA,NA,NA,NA,c(-73.99158043, 40.73261787)
"565","3570","Astoria",3,NA,NA,NA,NA,c(-73.9236611, 40.7557327)
"566","3571","Crown Heights",10,13,46,NA,NA,c(-73.952918, 40.676368)
"567","3572","Astoria",NA,NA,NA,NA,NA,c(-73.921631, 40.756913)
"568","3573","Astoria",1,NA,NA,NA,NA,c(-73.9242751, 40.7580583)
"569","3574","Prospect Heights",13,14,4,3,NA,c(-73.96579, 40.6769694)
"570","3575","Astoria",4,NA,NA,NA,NA,c(-73.930562, 40.76108)
"571","3576","Prospect Heights",10,12,12,6,NA,c(-73.969024, 40.6767)
"572","3577","Astoria",NA,NA,NA,NA,NA,c(-73.9342862, 40.7628138)
"573","3578","Crown Heights",17,37,4,NA,NA,c(-73.9564947, 40.6741806)
"574","3579","Crown Heights",26,7,3,2,NA,c(-73.954131, 40.672695)
"575","358","West Village",1540,2772,1654,1893,1130,c(-74.00711384, 40.73291553)
"576","3580","Prospect Heights",10,6,1,NA,NA,c(-73.9631611, 40.6737236)
"577","3581","Prospect Heights",12,7,10,NA,NA,c(-73.9671457, 40.6740123)
"578","3582","Crown Heights",4,2,2,NA,NA,c(-73.9609, 40.6721683)
"579","3583","Prospect Heights",6,5,4,NA,NA,c(-73.9631145, 40.6716493)
"580","3584","Crown Heights",6,18,11,NA,NA,c(-73.9576801, 40.6707767)
"581","3585","Crown Heights",6,3,6,NA,NA,c(-73.9554162, 40.6691783)
"582","3586","Astoria",NA,NA,NA,NA,NA,c(-73.9364848, 40.7638753)
"583","3587","Crown Heights",3,2,6,NA,NA,c(-73.9618148, 40.6686744)
"584","3588","Astoria",2,NA,NA,NA,NA,c(-73.9373554, 40.7671863)
"585","3589","Astoria",NA,NA,NA,NA,NA,c(-73.9347774, 40.7668)
"586","359","Midtown",55,130,173,226,186,c(-73.97498696, 40.75510267)
"587","3590","Crown Heights",15,NA,2,NA,NA,c(-73.9588, 40.6679411)
"588","3591","Astoria",NA,NA,NA,NA,NA,c(-73.930819, 40.7659)
"589","3592","Astoria",NA,NA,NA,NA,NA,c(-73.9286471, 40.7633589)
"590","3593","Astoria",4,NA,NA,1,NA,c(-73.925921, 40.761584)
"591","3595","Astoria",NA,NA,NA,NA,NA,c(-73.9222427, 40.760339)
"592","3596","Crown Heights",NA,NA,NA,NA,NA,c(-73.9574686, 40.6642406)
"593","3597","Astoria",2,NA,NA,NA,NA,c(-73.9166368, 40.7577284)
"594","3598","Astoria",NA,NA,NA,NA,NA,c(-73.9142678, 40.7595701)
"595","3599","Prospect Lefferts Gardens",12,7,7,1,NA,c(-73.9605695, 40.66314)
"596","360","Financial District",975,1242,716,762,691,c(-74.00887308, 40.70717936)
"597","3600","Astoria",4,NA,NA,NA,NA,c(-73.9170071, 40.7611488)
"598","3601","Prospect Lefferts Gardens",55,1,NA,NA,NA,c(-73.9569115, 40.6627059)
"599","3602","Astoria",1,NA,NA,NA,NA,c(-73.920827, 40.763154)
"600","3603","Astoria",NA,NA,NA,NA,NA,c(-73.9240312, 40.7647)
"601","3604","Prospect Lefferts Gardens",10,2,2,NA,NA,c(-73.9538746, 40.6630619)
"602","3605","Astoria",NA,NA,NA,NA,NA,c(-73.9265474, 40.7658346)
"603","3606","Hunters Point",NA,NA,NA,NA,NA,c(-73.948852, 40.74252)
"604","3607","Astoria",NA,NA,NA,NA,NA,c(-73.9322662, 40.7682)
"605","3608","Hunters Point",NA,NA,NA,NA,NA,c(-73.9566, 40.7423737)
"606","3609","Astoria",NA,NA,NA,NA,NA,c(-73.9354504, 40.7692475)
"607","361","Lower East Side",439,606,607,518,498,c(-73.99190759, 40.71605866)
"608","3610","Astoria",NA,NA,NA,NA,NA,c(-73.934171, 40.770845)
"609","3611","Hunters Point",1,NA,NA,NA,NA,c(-73.9534573, 40.7449067)
"610","3612","Astoria",NA,NA,NA,NA,NA,c(-73.9286078, 40.7703743)
"611","3613","Hunters Point",1,4,NA,NA,NA,c(-73.957539, 40.745038)
"612","3614","Astoria",1,NA,NA,NA,NA,c(-73.9249574, 40.768692)
"613","3615","Hunters Point",1,NA,1,NA,NA,c(-73.9460927, 40.748)
"614","3616","Astoria",NA,NA,NA,NA,NA,c(-73.9136695, 40.7656251)
"615","3617","Astoria",NA,NA,NA,NA,NA,c(-73.9169858, 40.7671)
"616","3618","Hunters Point",2,1,NA,NA,NA,c(-73.941275, 40.7485)
"617","3619","Astoria",1,NA,NA,NA,NA,c(-73.9246145, 40.7713615)
"618","362","Garment District",75,63,37,63,38,c(-73.98753523, 40.75172632)
"619","3620","Hunters Point",NA,NA,NA,NA,NA,c(-73.9479119, 40.7519071)
"620","3621","Astoria",NA,NA,NA,NA,NA,c(-73.9309134, 40.7739825)
"621","3622","East Harlem",1,NA,NA,NA,NA,c(-73.939182, 40.80756)
"622","3623","Morningside Heights",14,14,14,1,NA,c(-73.9634, 40.8109494)
"623","3628","Harlem",NA,NA,NA,NA,NA,c(-73.9490782, 40.8025566)
"624","3629","Harlem",3,3,1,NA,NA,c(-73.9477649331093, 40.8094953477795)
"625","363","Battery Park",1634,2058,1649,1633,1239,c(-74.01713445, 40.70834698)
"626","3630","Harlem",10,1,1,NA,NA,c(-73.9559308, 40.8038654)
"627","3631","Crown Heights",NA,NA,NA,NA,NA,c(-73.956741, 40.666563)
"628","3632","East Village",NA,NA,NA,NA,NA,c(-73.9788115024567, 40.7280485713626)
"629","3635","Clinton",53,NA,18,49,NA,c(-73.9951676130295, 40.7546232402911)
"630","3637","Clinton Hill",29,22,24,7,NA,c(-73.9659959077835, 40.6832386546034)
"631","364","Clinton Hill",10,9,12,22,6,c(-73.96023854, 40.68900443)
"632","3641","Flatiron District",446,463,291,84,NA,c(-73.9891862869263, 40.7428687731211)
"633","3643","Murray Hill",NA,NA,NA,NA,NA,c(-73.9812362194061, 40.7527220138119)
"634","3644","Red Hook",NA,NA,NA,NA,NA,c(-74.0148818492889, 40.6758162252283)
"635","3646","Astoria",NA,NA,NA,NA,NA,c(-73.9398550987244, 40.7631548191037)
"636","3647","Sunnyside",NA,NA,NA,NA,NA,c(-73.9372587203979, 40.7412830935599)
"637","3648","Navy Yard",18,10,23,NA,NA,c(-73.970775604248, 40.6979503156954)
"638","3649","Manhattanville",3,2,4,NA,NA,c(-73.9532473683357, 40.8143944379158)
"639","365","Clinton Hill",NA,NA,NA,NA,NA,c(-73.9614583, 40.68223166)
"640","3653","Astoria",NA,NA,NA,NA,NA,c(-73.9283215999603, 40.7582046469676)
"641","3654","Astoria",2,1,NA,NA,NA,c(-73.933492898941, 40.7518695142187)
"642","3656","East Village",308,383,324,NA,NA,c(-73.9858362078667, 40.7230774906867)
"643","3658","Chelsea",98,112,236,NA,NA,c(-74.0036755800247, 40.7435337324616)
"644","3659","Chelsea",NA,NA,NA,NA,NA,c(-74.0041369199753, 40.7429489166009)
"645","366","Clinton Hill",22,25,51,63,50,c(-73.968896, 40.693261)
"646","3660","Chelsea",NA,NA,NA,NA,NA,c(-74.001384973526, 40.7410215090027)
"647","3661","Crown Heights",2,NA,NA,NA,NA,c(-73.9605563879013, 40.6664393068708)
"648","3663","Park Slope",NA,NA,NA,NA,NA,c(-73.973827958107, 40.6771648946906)
"649","3664","Tribeca",1803,5937,2876,NA,NA,c(-74.0103006362915, 40.7201952143746)
"650","3668","Greenpoint",5,27,17,NA,NA,c(-73.9498436450958, 40.7239567849954)
"651","367","Sutton Place",114,NA,NA,NA,61,c(-73.97069431, 40.75828065)
"652","3671","Upper East Side",22,13,4,NA,NA,c(-73.9542746543884, 40.7747794489573)
"653","3673","Crown Heights",18,15,8,NA,NA,c(-73.955637216568, 40.6775920693738)
"654","3674","DUMBO",51,89,65,NA,NA,c(-73.9867267012596, 40.7014031725772)
"655","3676","Red Hook",11,5,NA,NA,NA,c(-74.0147262811661, 40.6758329439129)
"656","368","Greenwich Village",1053,886,1123,1187,930,c(-74.00214988, 40.73038599)
"657","3680","Midtown",85,452,196,NA,NA,c(-73.9802518486977, 40.7541208107793)
"658","3684","West Village",NA,NA,NA,NA,NA,c(-74.0039826929569, 40.7375612118114)
"659","3686","West Village",487,722,694,NA,NA,c(-74.0050703287125, 40.739448201304)
"660","3687","Gramercy",172,159,120,NA,NA,c(-73.9744978398085, 40.7432268143217)
"661","3688","Sutton Place",NA,NA,NA,NA,NA,c(-73.9663821458817, 40.757920208794)
"662","3689","Upper West Side",14,17,14,NA,NA,c(-73.9664947986603, 40.799041392883)
"663","369","Greenwich Village",303,272,221,223,246,c(-74.00026394, 40.73224119)
"664","3690","Tribeca",659,1084,810,NA,NA,c(-74.0093551576138, 40.7133418427591)
"665","3691","Astoria",2,NA,NA,NA,NA,c(-73.9106512069702, 40.7640893235069)
"666","3692","Navy Yard",NA,NA,NA,NA,NA,c(-73.9744012802839, 40.6999974843885)
"667","3693","Williamsburg",13,12,7,NA,NA,c(-73.9592193067074, 40.7224818863822)
"668","3695","East Village",NA,NA,NA,NA,NA,c(-73.9891903102398, 40.7268695152821)
"669","3697","Upper West Side",138,232,150,NA,NA,c(-73.9891869574785, 40.7751595343424)
"670","3699","Columbus Circle",166,142,56,NA,NA,c(-73.9891795814037, 40.7636046779586)
"671","3700","Upper East Side",NA,NA,NA,NA,NA,c(-73.9533358812332, 40.7794060852979)
"672","3701","Financial District",NA,NA,NA,NA,NA,c(-74.0050408244133, 40.708317943664)
"673","3704","Hunters Point",NA,NA,NA,NA,NA,c(-73.941764831543, 40.7437524099784)
"674","3705","Greenwich Village",NA,NA,NA,NA,NA,c(-73.9996878057718, 40.7284005945083)
"675","3707","Gramercy",263,257,NA,NA,NA,c(-73.983293, 40.741459)
"676","3708","Greenwich Village",344,454,NA,NA,NA,c(-73.99431, 40.735445)
"677","3709","Chelsea",476,NA,30,NA,NA,c(-73.996429592371, 40.7380461424828)
"678","3711","East Village",273,352,46,NA,NA,c(-73.9806796610355, 40.7296672939298)
"679","3712","Clinton",117,158,2,NA,NA,c(-73.9974018931389, 40.754691750226)
"680","3714","Williamsburg",28,5,NA,NA,NA,c(-73.9544353965357, 40.7068420310133)
"681","3715","Williamsburg",24,39,NA,NA,NA,c(-73.9552013576031, 40.7181696945421)
"682","3716","Astoria",2,NA,NA,NA,NA,c(-73.9379560947418, 40.7535992020056)
"683","3718","East Village",145,265,NA,NA,NA,c(-73.9795041829348, 40.7274642069239)
"684","372","Bedford Stuyvesant",7,2,3,6,4,c(-73.9580136537552, 40.694546087246)
"685","3720","Gowanus",NA,NA,NA,NA,NA,c(-73.9872128516436, 40.6846165389795)
"686","3721","Astoria",NA,NA,NA,NA,NA,c(-73.9209334552288, 40.7675487799971)
"687","3723","Downtown",71,69,NA,NA,NA,c(-73.9901572465897, 40.695317277669)
"688","3724","Midtown",78,63,NA,NA,NA,c(-73.9790689945221, 40.7667405590595)
"689","3725","Upper East Side",57,11,NA,NA,NA,c(-73.9584079384804, 40.7687620293096)
"690","3726","Hunters Point",1,NA,NA,NA,NA,c(-73.95960688591, 40.7433660802702)
"691","3727","Williamsburg",12,3,NA,NA,NA,c(-73.948800265789, 40.7176619708399)
"692","3728","Brooklyn Heights",39,58,NA,NA,NA,c(-73.9934402704239, 40.6953569332022)
"693","373","Bedford Stuyvesant",6,5,NA,NA,4,c(-73.95381995, 40.69331716)
"694","3731","Midtown",72,NA,NA,NA,NA,c(-73.98255, 40.758397)
"695","3733","Stuyvesant Town",53,111,NA,NA,NA,c(-73.973984, 40.730563)
"696","3734","Sutton Place",21,32,NA,NA,NA,c(-73.962658, 40.759125)
"697","3735","Chelsea",535,NA,NA,NA,NA,c(-74.002353, 40.752694)
"698","3737","Lower East Side",221,248,NA,NA,NA,c(-73.986274, 40.720747)
"699","3738","Lower East Side",128,NA,NA,NA,NA,c(-73.991479, 40.719383)
"700","3739","Greenwich Village",390,NA,NA,NA,NA,c(-74.000939, 40.735918)
"701","3740","SoHo",546,NA,NA,NA,NA,c(-74.000472, 40.726378)
"702","3744","East Village",279,NA,NA,NA,NA,c(-73.986389, 40.725864)
"703","3745","Astoria",2,1,NA,NA,NA,c(-73.9295748621225, 40.7565127298495)
"704","3746","SoHo",1398,1640,NA,NA,NA,c(-74.0047303587198, 40.7243083216022)
"705","3747","Upper East Side",NA,NA,NA,NA,NA,c(-73.9551275968552, 40.7775537429889)
"706","3749","Murray Hill",60,87,NA,NA,NA,c(-73.9788007736206, 40.7475739589548)
"707","3755","Bedford Stuyvesant",19,15,NA,NA,NA,c(-73.9574617892504, 40.6906480708294)
"708","3756","Williamsburg",4,2,NA,NA,NA,c(-73.9351, 40.704508)
"709","3757","Williamsburg",3,NA,NA,NA,NA,c(-73.93372, 40.710681)
"710","3758","Bushwick",2,NA,NA,NA,NA,c(-73.92997, 40.702997)
"711","3759","Bushwick",6,NA,NA,NA,NA,c(-73.92535, 40.70538)
"712","376","Financial District",698,873,562,1014,488,c(-74.00722156, 40.70862144)
"713","3760","Bushwick",3,NA,NA,NA,NA,c(-73.92153, 40.705614)
"714","3761","Bushwick",NA,NA,NA,NA,NA,c(-73.926241, 40.697842)
"715","3762","Gowanus",24,25,NA,NA,NA,c(-73.9865, 40.677027)
"716","3763","Williamsburg",NA,NA,NA,NA,NA,c(-73.923711, 40.707165)
"717","3764","Williamsburg",14,NA,NA,NA,NA,c(-73.93936, 40.705517)
"718","3765","Williamsburg",3,2,NA,NA,NA,c(-73.94008, 40.709897)
"719","3766","Williamsburg",10,7,NA,NA,NA,c(-73.93856, 40.715353)
"720","3767","Williamsburg",2,10,NA,NA,NA,c(-73.93894, 40.71323)
"721","3768","Williamsburg",5,NA,NA,NA,NA,c(-73.93734, 40.71019)
"722","3769","Williamsburg",2,NA,NA,NA,NA,c(-73.93581, 40.707174)
"723","377","SoHo",611,2084,1825,1818,1327,c(-74.00566443, 40.72243797)
"724","3770","Williamsburg",NA,NA,NA,NA,NA,c(-73.9333, 40.702831)
"725","3771","Williamsburg",4,5,NA,NA,NA,c(-73.933871, 40.706237)
"726","3772","Williamsburg",3,1,NA,NA,NA,c(-73.93515, 40.713811)
"727","3773","Williamsburg",8,18,NA,NA,NA,c(-73.92976, 40.70539)
"728","3774","Williamsburg",5,8,NA,NA,NA,c(-73.92836, 40.704425)
"729","3775","Bushwick",4,NA,NA,NA,NA,c(-73.923769, 40.702013)
"730","3776","Bushwick",NA,NA,NA,NA,NA,c(-73.92834, 40.700003)
"731","3777","Bushwick",2,1,NA,NA,NA,c(-73.923044, 40.699304)
"732","3778","Bushwick",2,1,NA,NA,NA,c(-73.92095, 40.7027)
"733","3779","Bushwick",1,NA,NA,NA,NA,c(-73.919911, 40.704876)
"734","3780","Bushwick",1,NA,NA,NA,NA,c(-73.917775, 40.703545)
"735","3781","Bushwick",1,17,NA,NA,NA,c(-73.918877, 40.698568)
"736","3782","Brooklyn Heights",26,11,NA,NA,NA,c(-73.997178, 40.698458)
"737","3783","Financial District",905,907,NA,NA,NA,c(-74.00495, 40.70838)
"738","3785","Garment District",179,NA,NA,NA,NA,c(-73.98455, 40.75492)
"739","3786","Chinatown",190,NA,NA,NA,NA,c(-73.996732, 40.714193)
"740","3787","Navy Yard",5,3,NA,NA,NA,c(-73.97141, 40.69985)
"741","3788","Greenwich Village",NA,NA,NA,NA,NA,c(-73.98974, 40.73269)
"742","3789","Clinton Hill",20,5,NA,NA,NA,c(-73.959432, 40.68186)
"743","379","Garment District",170,243,197,182,220,c(-73.9916, 40.749156)
"744","3790","Brooklyn Heights",49,48,NA,NA,NA,c(-73.991581, 40.7003)
"745","3793","Stuyvesant Town",7,21,NA,NA,NA,c(-73.9789838343859, 40.7323397771511)
"746","3795","Gowanus",1,26,NA,NA,NA,c(-73.993612, 40.671907)
"747","3798","Murray Hill",135,115,NA,NA,NA,c(-73.982079, 40.752269)
"748","3799","Garment District",165,108,NA,NA,NA,c(-73.98805, 40.74964)
"749","380","West Village",1008,958,754,765,680,c(-74.00293877, 40.73401143)
"750","3803","Crown Heights",3,1,NA,NA,NA,c(-73.956934, 40.665816)
"751","3804","DUMBO",80,40,NA,NA,NA,c(-73.986842, 40.702461)
"752","3805","Upper East Side",NA,NA,NA,NA,NA,c(-73.959757, 40.776173)
"753","3808","Astoria",3,NA,NA,NA,NA,c(-73.939991, 40.752474)
"754","3809","Midtown",137,65,NA,NA,NA,c(-73.978434, 40.763189)
"755","3810","Central Park",NA,NA,NA,NA,NA,c(-73.971211, 40.782593)
"756","3811","Astoria",NA,NA,NA,NA,NA,c(-73.9342, 40.77485)
"757","3812","Greenwich Village",538,248,NA,NA,NA,c(-73.992085, 40.734814)
"758","3813","Chelsea",210,NA,NA,NA,NA,c(-74.005141, 40.745686)
"759","3814","Midtown",43,NA,NA,NA,NA,c(-73.972628, 40.761573)
"760","3815","Turtle Bay",76,2,NA,NA,NA,c(-73.967641, 40.755293)
"761","3816","Williamsburg",NA,NA,NA,NA,NA,c(-73.93323, 40.71429)
"762","3817","Williamsburg",1,NA,NA,NA,NA,c(-73.94051, 40.71773)
"763","3818","Greenpoint",1,1,NA,NA,NA,c(-73.94839, 40.72984)
"764","3819","Greenpoint",1,NA,NA,NA,NA,c(-73.95204, 40.73396)
"765","382","Greenwich Village",NA,NA,NA,NA,NA,c(-73.99200509, 40.73492695)
"766","3820","Bushwick",5,3,NA,NA,NA,c(-73.93098, 40.69757)
"767","3821","Bushwick",1,NA,NA,NA,NA,c(-73.93318, 40.70106)
"768","3822","Bushwick",9,1,NA,NA,NA,c(-73.93641, 40.70076)
"769","3823","Bushwick",13,1,NA,NA,NA,c(-73.93921, 40.70099)
"770","3824","East New York",1,NA,NA,NA,NA,c(-73.90369, 40.6786)
"771","3825","Bushwick",NA,NA,NA,NA,NA,c(-73.90756, 40.68139)
"772","3826","Bushwick",27,NA,NA,NA,NA,c(-73.90925, 40.68458)
"773","3827","Bushwick",7,NA,NA,NA,NA,c(-73.91564, 40.68565)
"774","3828","Bushwick",NA,NA,NA,NA,NA,c(-73.91321, 40.68652)
"775","3829","Bushwick",1,NA,NA,NA,NA,c(-73.90798, 40.6882)
"776","383","Greenwich Village",417,585,414,402,361,c(-74.000271, 40.735238)
"777","3830","Bushwick",2,NA,NA,NA,NA,c(-73.91227, 40.68858)
"778","3831","Bushwick",2,NA,NA,NA,NA,c(-73.9168, 40.68663)
"779","3832","Bushwick",1,NA,NA,NA,NA,c(-73.91181, 40.69055)
"780","3833","Bushwick",1,NA,NA,NA,NA,c(-73.91693, 40.69122)
"781","3834","Bushwick",1,NA,NA,NA,NA,c(-73.90663, 40.69467)
"782","3835","Bushwick",NA,NA,NA,NA,NA,c(-73.90974, 40.69385)
"783","3836","Bushwick",3,NA,NA,NA,NA,c(-73.92146, 40.69146)
"784","3837","Bushwick",3,NA,NA,NA,NA,c(-73.92852, 40.69329)
"785","3838","Bushwick",6,NA,NA,NA,NA,c(-73.92524, 40.69356)
"786","3839","Bushwick",NA,NA,NA,NA,NA,c(-73.91164, 40.69545)
"787","384","Clinton Hill",NA,NA,NA,NA,NA,c(-73.964915, 40.683048)
"788","3840","Bushwick",NA,NA,NA,NA,NA,c(-73.90904, 40.69811)
"789","3841","Bushwick",NA,NA,NA,NA,NA,c(-73.9196, 40.69543)
"790","3842","Bushwick",4,1,NA,NA,NA,c(-73.92825, 40.69502)
"791","3843","Bushwick",3,NA,NA,NA,NA,c(-73.91516, 40.69905)
"792","3844","Bushwick",NA,NA,NA,NA,NA,c(-73.91337, 40.69943)
"793","3845","Bushwick",NA,NA,NA,NA,NA,c(-73.9179, 40.70108)
"794","3846","Bushwick",2,NA,NA,NA,NA,c(-73.92302, 40.69676)
"795","3847","Bushwick",1,NA,NA,NA,NA,c(-73.92807, 40.69671)
"796","3848","Bushwick",12,1,NA,NA,NA,c(-73.93223, 40.69544)
"797","3849","Bushwick",NA,NA,NA,NA,NA,c(-73.91945, 40.70636)
"798","385","Sutton Place",90,34,NA,38,45,c(-73.96603308, 40.75797322)
"799","3850","Williamsburg",2,NA,NA,NA,NA,c(-73.92157, 40.70907)
"800","3851","Williamsburg",10,NA,NA,NA,NA,c(-73.92793, 40.71401)
"801","3852","Williamsburg",NA,NA,NA,NA,NA,c(-73.92587, 40.70869)
"802","3853","Williamsburg",2,1,NA,NA,NA,c(-73.92851, 40.70686)
"803","3854","Williamsburg",2,NA,NA,NA,NA,c(-73.93637, 40.716657)
"804","3855","Williamsburg",2,NA,NA,NA,NA,c(-73.93948, 40.71882)
"805","3856","Greenpoint",18,3,NA,NA,NA,c(-73.94173, 40.72577)
"806","3857","Greenpoint",4,1,NA,NA,NA,c(-73.94546, 40.72158)
"807","3858","Greenpoint",1,2,NA,NA,NA,c(-73.95161, 40.73124)
"808","3859","Greenpoint",11,NA,NA,NA,NA,c(-73.95414, 40.72795)
"809","386","Lower East Side",395,630,728,914,687,c(-74.00234482, 40.71494807)
"810","3860","Bushwick",1,2,NA,NA,NA,c(-73.92754, 40.70166)
"811","3861","Bushwick",NA,NA,NA,NA,NA,c(-73.91422, 40.70113)
"812","3862","Bushwick",NA,NA,NA,NA,NA,c(-73.91566, 40.69714)
"813","3863","Bushwick",NA,NA,NA,NA,NA,c(-73.91605, 40.69296)
"814","3864","Bushwick",NA,NA,NA,NA,NA,c(-73.90951, 40.68929)
"815","3865","Bushwick",NA,NA,NA,NA,NA,c(-73.90448, 40.69081)
"816","3866","Bushwick",NA,NA,NA,NA,NA,c(-73.90506, 40.68906)
"817","3867","Bushwick",NA,NA,NA,NA,NA,c(-73.90474, 40.67945)
"818","3868","Bushwick",NA,NA,NA,NA,NA,c(-73.90824, 40.693)
"819","3869","Bushwick",2,NA,NA,NA,NA,c(-73.92617, 40.692)
"820","387","Lower East Side",621,2488,2911,2645,1807,c(-74.0046073, 40.71273266)
"821","3870","Bedford Stuyvesant",NA,NA,NA,NA,NA,c(-73.935877, 40.697481)
"822","3871","Bushwick",2,NA,NA,NA,NA,c(-73.90623, 40.68281)
"823","3872","Ridgewood",2,NA,NA,NA,NA,c(-73.90674, 40.6972)
"824","3873","Ridgewood",1,NA,NA,NA,NA,c(-73.90742, 40.70068)
"825","3874","Ridgewood",2,NA,NA,NA,NA,c(-73.91054, 40.70461)
"826","3875","Ridgewood",NA,NA,NA,NA,NA,c(-73.9007, 40.6988)
"827","3876","Ridgewood",NA,NA,NA,NA,NA,c(-73.89795, 40.69922)
"828","3877","Ridgewood",NA,NA,NA,NA,NA,c(-73.90245, 40.70555)
"829","3878","Ridgewood",NA,NA,NA,NA,NA,c(-73.90271, 40.69812)
"830","3879","Bushwick",1,NA,NA,NA,NA,c(-73.91966, 40.68822)
"831","388","Chelsea",335,350,230,189,244,c(-74.002950346, 40.749717753)
"832","3880","Ridgewood",NA,NA,NA,NA,NA,c(-73.91727, 40.7098)
"833","3881","Manhattanville",65,NA,NA,NA,NA,c(-73.960405, 40.818299)
"834","3882","Ridgewood",NA,NA,NA,NA,NA,c(-73.90311, 40.69517)
"835","3883","Ridgewood",NA,NA,NA,NA,NA,c(-73.91292, 40.70577)
"836","3884","Ridgewood",NA,NA,NA,NA,NA,c(-73.9022, 40.69969)
"837","3885","Ridgewood",3,NA,NA,NA,NA,c(-73.90737, 40.70413)
"838","3886","Ridgewood",NA,NA,NA,NA,NA,c(-73.9096, 40.70553)
"839","3887","Ridgewood",NA,NA,NA,NA,NA,c(-73.91873, 40.71246)
"840","3888","Ridgewood",3,NA,NA,NA,NA,c(-73.91092, 40.70793)
"841","389","Williamsburg",23,84,56,29,21,c(-73.96525063, 40.71044554)
"842","3890","Bushwick",10,NA,NA,NA,NA,c(-73.923511, 40.69047)
"843","3891","Bushwick",3,NA,NA,NA,NA,c(-73.9127, 40.698)
"844","3892","Astoria",NA,NA,NA,NA,NA,c(-73.93367, 40.75473)
"845","3893","Ocean Hill",6,NA,NA,NA,NA,c(-73.9116664230824, 40.6831998817276)
"846","3894","Chelsea",14,NA,NA,NA,NA,c(-74.001702, 40.740983)
"847","3895","Ridgewood",1,NA,NA,NA,NA,c(-73.9087629318237, 40.7015734087379)
"848","3896","Ridgewood",2,NA,NA,NA,NA,c(-73.90625, 40.70183)
"849","3897","Ridgewood",NA,NA,NA,NA,NA,c(-73.91497, 40.70863)
"850","3898","Upper East Side",22,NA,NA,NA,NA,c(-73.9646, 40.763954)
"851","3899","Greenpoint",14,NA,NA,NA,NA,c(-73.94844, 40.72084)
"852","390","Downtown",72,87,157,136,187,c(-73.9842844, 40.69221589)
"853","3900","Williamsburg",3,NA,NA,NA,NA,c(-73.93889, 40.72226)
"854","3901","Ridgewood",NA,NA,NA,NA,NA,c(-73.91116, 40.70998)
"855","3902","Ridgewood",1,NA,NA,NA,NA,c(-73.90632, 40.70694)
"856","3903","Bushwick",1,NA,NA,NA,NA,c(-73.91458, 40.68989)
"857","3905","Greenwich Village",235,NA,NA,NA,NA,c(-73.99011, 40.732647)
"858","3906","Battery Park",2487,NA,NA,NA,NA,c(-74.014847, 40.711444)
"859","3907","Bushwick",1,NA,NA,NA,NA,c(-73.93039, 40.70112)
"860","3909","Ridgewood",1,NA,NA,NA,NA,c(-73.90408, 40.70408)
"861","391","Brooklyn Heights",97,54,67,84,98,c(-73.99344559, 40.69760127)
"862","3910","Ridgewood",NA,NA,NA,NA,NA,c(-73.907856, 40.709697)
"863","3911","Boerum Hill",39,NA,NA,NA,NA,c(-73.984275, 40.683426)
"864","3913","Navy Yard",20,NA,NA,NA,NA,c(-73.979827, 40.699569)
"865","3914","Upper West Side",40,NA,NA,NA,NA,c(-73.981687, 40.783786)
"866","3916","Financial District",332,NA,NA,NA,NA,c(-74.002751, 40.708485)
"867","3917","Fort Greene",7,NA,NA,NA,NA,c(-73.97877, 40.69178)
"868","3918","East Village",34,NA,NA,NA,NA,c(-73.975767, 40.72387)
"869","3919","Financial District",429,NA,NA,NA,NA,c(-74.00637, 40.70437)
"870","392","Downtown",98,234,218,329,114,c(-73.987167, 40.695065)
"871","3920","East Harlem",NA,NA,NA,NA,NA,c(-73.937195, 40.810224)
"872","3921","Port Morris",1,NA,NA,NA,NA,c(-73.925177, 40.805701)
"873","3922","Port Morris",NA,NA,NA,NA,NA,c(-73.927107, 40.807466)
"874","3923","Port Morris",NA,NA,NA,NA,NA,c(-73.928803, 40.808484)
"875","3924","Mott Haven",NA,NA,NA,NA,NA,c(-73.927311, 40.810893)
"876","3925","Mott Haven",NA,NA,NA,NA,NA,c(-73.929153, 40.812304)
"877","3926","Harlem",3,NA,NA,NA,NA,c(-73.93973, 40.81014)
"878","3927","Harlem",2,NA,NA,NA,NA,c(-73.941878, 40.81296)
"879","3928","Harlem",3,NA,NA,NA,NA,c(-73.94521, 40.813539)
"880","3929","Mott Haven",NA,NA,NA,NA,NA,c(-73.921606, 40.81093)
"881","393","East Village",96,209,55,31,49,c(-73.97995466, 40.72299208)
"882","3930","Mott Haven",NA,NA,NA,NA,NA,c(-73.923697, 40.812735)
"883","3931","Mott Haven",NA,NA,NA,NA,NA,c(-73.924963, 40.814469)
"884","3932","Mott Haven",NA,NA,NA,NA,NA,c(-73.927987, 40.816576)
"885","3933","Mott Haven",NA,NA,NA,NA,NA,c(-73.92965, 40.817755)
"886","3934","Harlem",4,NA,NA,NA,NA,c(-73.948222, 40.816234)
"887","3935","Manhattanville",NA,NA,NA,NA,NA,c(-73.954295, 40.816355)
"888","3936","Manhattanville",21,NA,NA,NA,NA,c(-73.959089, 40.820003)
"889","3937","Mott Haven",NA,NA,NA,NA,NA,c(-73.918889, 40.805089)
"890","3938","Port Morris",NA,NA,NA,NA,NA,c(-73.9174, 40.80262)
"891","3939","Port Morris",NA,NA,NA,NA,NA,c(-73.913863, 40.800933)
"892","394","East Village",92,161,89,91,71,c(-73.97768752, 40.72521311)
"893","3940","Port Morris",NA,NA,NA,NA,NA,c(-73.911034, 40.800425)
"894","3941","Port Morris",NA,NA,NA,NA,NA,c(-73.909513, 40.801657)
"895","3942","Manhattanville",4,NA,NA,NA,NA,c(-73.956156, 40.8190344)
"896","3944","Manhattanville",NA,NA,NA,NA,NA,c(-73.950988, 40.818215)
"897","3945","Hamilton Heights",NA,NA,NA,NA,NA,c(-73.951819, 40.819746)
"898","3946","Hamilton Heights",2,NA,NA,NA,NA,c(-73.947568, 40.818477)
"899","3947","Port Morris",NA,NA,NA,NA,NA,c(-73.911545, 40.804168)
"900","3948","Mott Haven",NA,NA,NA,NA,NA,c(-73.914718, 40.805559)
"901","3949","Mott Haven",NA,NA,NA,NA,NA,c(-73.91924, 40.807408)
"902","395","Downtown",NA,NA,NA,NA,NA,c(-73.98410637, 40.68807003)
"903","3950","Mott Haven",NA,NA,NA,NA,NA,c(-73.917875, 40.809619)
"904","3951","Mott Haven",NA,NA,NA,NA,NA,c(-73.916124, 40.808633)
"905","3952","Mott Haven",1,NA,NA,NA,NA,c(-73.911837, 40.806896)
"906","3953","Harlem",1,NA,NA,NA,NA,c(-73.937413, 40.82281)
"907","3955","Mott Haven",NA,NA,NA,NA,NA,c(-73.91081, 40.808891)
"908","3956","Mott Haven",NA,NA,NA,NA,NA,c(-73.914932, 40.811112)
"909","3957","Mott Haven",NA,NA,NA,NA,NA,c(-73.917037, 40.811675)
"910","3958","Mott Haven",NA,NA,NA,NA,NA,c(-73.92037, 40.812299)
"911","3959","Harlem",4,NA,NA,NA,NA,c(-73.94386, 40.823498)
"912","396","Bedford Stuyvesant",4,7,11,9,13,c(-73.9557689392, 40.680342423)
"913","3960","Hamilton Heights",2,NA,NA,NA,NA,c(-73.951346, 40.822756)
"914","3961","Melrose",NA,NA,NA,NA,NA,c(-73.921411, 40.820036)
"915","3963","Melrose",2,NA,NA,NA,NA,c(-73.917338, 40.816827)
"916","3964","Mott Haven",NA,NA,NA,NA,NA,c(-73.915368, 40.814383)
"917","3965","Melrose",NA,NA,NA,NA,NA,c(-73.91186, 40.814046)
"918","3966","Mott Haven",NA,NA,NA,NA,NA,c(-73.907729, 40.811314)
"919","3967","Hamilton Heights",6,NA,NA,NA,NA,c(-73.949738, 40.826969)
"920","3968","Melrose",NA,NA,NA,NA,NA,c(-73.903927, 40.814232)
"921","3969","Melrose",NA,NA,NA,NA,NA,c(-73.911918, 40.815887)
"922","397","Fort Greene",10,13,4,8,17,c(-73.96922273, 40.68415748)
"923","3970","Melrose",NA,NA,NA,NA,NA,c(-73.916071, 40.819609)
"924","3972","Melrose",NA,NA,NA,NA,NA,c(-73.914688, 40.822215)
"925","3973","Harlem",3,NA,NA,NA,NA,c(-73.942722, 40.827212)
"926","3975","Melrose",1,NA,NA,NA,NA,c(-73.911759, 40.820713)
"927","3976","Melrose",NA,NA,NA,NA,NA,c(-73.912411, 40.819823)
"928","3977","Melrose",1,NA,NA,NA,NA,c(-73.90202, 40.81899)
"929","3978","Melrose",NA,NA,NA,NA,NA,c(-73.907521, 40.82188)
"930","398","Columbia Street Waterfront District",38,3,17,20,19,c(-73.9999786, 40.69165183)
"931","3980","Hamilton Heights",NA,NA,NA,NA,NA,c(-73.944279, 40.829523)
"932","3981","Washington Heights",1,NA,NA,NA,NA,c(-73.939929, 40.830476)
"933","3982","Melrose",1,NA,NA,NA,NA,c(-73.914737, 40.817166)
"934","3983","Melrose",NA,NA,NA,NA,NA,c(-73.905203, 40.817802)
"935","3984","Hamilton Heights",1,NA,NA,NA,NA,c(-73.954743, 40.824013)
"936","3985","Melrose",NA,NA,NA,NA,NA,c(-73.903944, 40.820302)
"937","3986","Mott Haven",4,NA,NA,NA,NA,c(-73.922962, 40.81734)
"938","3987","Mott Haven",NA,NA,NA,NA,NA,c(-73.909235, 40.813135)
"939","3988","East Harlem",NA,NA,NA,NA,NA,c(-73.934077, 40.805631)
"940","3989","Mott Haven",NA,NA,NA,NA,NA,c(-73.923604, 40.808384)
"941","399","Clinton Hill",33,11,20,33,30,c(-73.9647628, 40.68851534)
"942","3992","Washington Heights",11,NA,NA,NA,NA,c(-73.9421253, 40.8428422)
"943","3994","East Harlem",NA,NA,NA,NA,NA,c(-73.933509, 40.802554)
"944","3995","East Harlem",1,NA,NA,NA,NA,c(-73.937838, 40.812191)
"945","3996","East Harlem",NA,NA,NA,NA,NA,c(-73.936085, 40.806414)
"946","3997","Harlem",1,NA,NA,NA,NA,c(-73.935856, 40.815484)
"947","3998","Harlem",4,NA,NA,NA,NA,c(-73.939336, 40.813619)
"948","3999","Harlem",1,NA,NA,NA,NA,c(-73.9422959089279, 40.8169597103246)
"949","400","Lower East Side",81,124,32,71,53,c(-73.98178024, 40.71926081)
"950","4000","Harlem",2,NA,NA,NA,NA,c(-73.936521, 40.819783)
"951","4001","Harlem",1,NA,NA,NA,NA,c(-73.935971, 40.821111)
"952","4002","Harlem",1,NA,NA,NA,NA,c(-73.939249, 40.820877)
"953","4004","Harlem",1,NA,NA,NA,NA,c(-73.945144, 40.820681)
"954","4005","Hamilton Heights",2,NA,NA,NA,NA,c(-73.947868, 40.821294)
"955","4006","Mott Haven",NA,NA,NA,NA,NA,c(-73.91839, 40.814673)
"956","4007","Hamilton Heights",1,NA,NA,NA,NA,c(-73.955857, 40.823168)
"957","4009","Hamilton Heights",3,NA,NA,NA,NA,c(-73.951989, 40.827305)
"958","401","Lower East Side",430,688,478,443,440,c(-73.98997825, 40.72019576)
"959","4010","Hamilton Heights",1,NA,NA,NA,NA,c(-73.947257, 40.825244)
"960","4011","Melrose",NA,NA,NA,NA,NA,c(-73.908116, 40.816124)
"961","4012","Hamilton Heights",2,NA,NA,NA,NA,c(-73.945909, 40.827075)
"962","4013","Hamilton Heights",NA,NA,NA,NA,NA,c(-73.942924, 40.82831)
"963","4014","Hamilton Heights",3,NA,NA,NA,NA,c(-73.950426, 40.829114)
"964","4015","Washington Heights",NA,NA,NA,NA,NA,c(-73.936996, 40.82923)
"965","4016","Harlem",NA,NA,NA,NA,NA,c(-73.946168, 40.812346)
"966","4017","East Harlem",NA,NA,NA,NA,NA,c(-73.936153, 40.81449)
"967","4018","Manhattanville",17,NA,NA,NA,NA,c(-73.957163, 40.817555)
"968","4019","Port Morris",NA,NA,NA,NA,NA,c(-73.919763, 40.803399)
"969","402","Flatiron District",438,533,459,626,342,c(-73.98955109, 40.7403432)
"970","4020","Harlem",NA,NA,NA,NA,NA,c(-73.941616, 40.825125)
"971","4021","Mott Haven",NA,NA,NA,NA,NA,c(-73.930605, 40.813224)
"972","4023","Harlem",5,NA,NA,NA,NA,c(-73.941057, 40.819241)
"973","4024","Harlem",3,NA,NA,NA,NA,c(-73.937948, 40.826406)
"974","4025","Harlem",1,NA,NA,NA,NA,c(-73.941427, 40.826881)
"975","4027","Harlem",NA,NA,NA,NA,NA,c(-73.941323, 40.830663)
"976","4028","Washington Heights",NA,NA,NA,NA,NA,c(-73.936371, 40.830702)
"977","4029","Mott Haven",NA,NA,NA,NA,NA,c(-73.919549, 40.816402)
"978","403","East Village",320,538,523,363,NA,c(-73.99069656, 40.72502876)
"979","4030","Melrose",NA,NA,NA,NA,NA,c(-73.916792, 40.822267)
"980","4031","Melrose",NA,NA,NA,NA,NA,c(-73.908351, 40.81989)
"981","4032","Melrose",NA,NA,NA,NA,NA,c(-73.917579, 40.82057)
"982","4034","Hamilton Heights",NA,NA,NA,NA,NA,c(-73.952761, 40.821728)
"983","4035","Hamilton Heights",NA,NA,NA,NA,NA,c(-73.946665, 40.831327)
"984","4036","Roosevelt Island",4,NA,NA,NA,NA,c(-73.9477213, 40.7639089)
"985","4037","Roosevelt Island",NA,NA,NA,NA,NA,c(-73.9536, 40.757284)
"986","4038","Roosevelt Island",NA,NA,NA,NA,NA,c(-73.9586520195007, 40.7537022541911)
"987","4040","Flatiron District",93,NA,NA,NA,NA,c(-73.9867132902145, 40.7426847348757)
"988","4041","Harlem",1,NA,NA,NA,NA,c(-73.936232, 40.825289)
"989","4043","Upper West Side",63,NA,NA,NA,NA,c(-73.9790850877762, 40.7825358577241)
"990","4044","Garment District",113,NA,NA,NA,NA,c(-73.99177, 40.75461)
"991","4045","Upper West Side",287,NA,NA,NA,NA,c(-73.99005, 40.77237)
"992","4047","Washington Heights",1,NA,NA,NA,NA,c(-73.942386, 40.832081)
"993","4048","Washington Heights",NA,NA,NA,NA,NA,c(-73.94102, 40.832314)
"994","405","West Village",1026,1934,1504,1490,683,c(-74.008119, 40.739323)
"995","4050","Washington Heights",NA,NA,NA,NA,NA,c(-73.939326, 40.833303)
"996","4051","Washington Heights",1,NA,NA,NA,NA,c(-73.939865, 40.834468)
"997","4052","Washington Heights",1,NA,NA,NA,NA,c(-73.939789, 40.83618)
"998","4053","Washington Heights",NA,NA,NA,NA,NA,c(-73.937496, 40.835798)
"999","4054","Washington Heights",1,NA,NA,NA,NA,c(-73.945446, 40.839278)
"1000","4055","Washington Heights",6,NA,NA,NA,NA,c(-73.942939, 40.84004)
"1001","4056","Washington Heights",NA,NA,NA,NA,NA,c(-73.941409, 40.839137)
"1002","4057","Washington Heights",NA,NA,NA,NA,NA,c(-73.937044, 40.839443)
"1003","4058","Midtown",82,NA,NA,NA,NA,c(-73.97513, 40.75863)
"1004","4059","Washington Heights",6,NA,NA,NA,NA,c(-73.938631, 40.842941)
"1005","406","Brooklyn Heights",34,51,61,58,49,c(-73.99595065, 40.69512845)
"1006","4060","Washington Heights",NA,NA,NA,NA,NA,c(-73.935111, 40.842173)
"1007","4061","Washington Heights",NA,NA,NA,NA,NA,c(-73.940493, 40.84522)
"1008","4062","Washington Heights",NA,NA,NA,NA,NA,c(-73.933651, 40.844044)
"1009","4063","Washington Heights",NA,NA,NA,NA,NA,c(-73.937648, 40.846052)
"1010","4064","Mott Haven",NA,NA,NA,NA,NA,c(-73.908097743988, 40.807347437082)
"1011","4065","Washington Heights",2,NA,NA,NA,NA,c(-73.936064, 40.848467)
"1012","4066","Washington Heights",NA,NA,NA,NA,NA,c(-73.933291, 40.847305)
"1013","4067","Washington Heights",NA,NA,NA,NA,NA,c(-73.931205, 40.847396)
"1014","4068","Washington Heights",8,NA,NA,NA,NA,c(-73.937854, 40.852252)
"1015","4069","Washington Heights",3,NA,NA,NA,NA,c(-73.941343, 40.848282)
"1016","407","Brooklyn Heights",NA,NA,NA,NA,NA,c(-73.991454, 40.700469)
"1017","4070","Washington Heights",3,NA,NA,NA,NA,c(-73.938423, 40.849972)
"1018","4071","Washington Heights",4,NA,NA,NA,NA,c(-73.9434, 40.835775)
"1019","4072","Midtown",43,NA,NA,NA,NA,c(-73.9796027541161, 40.7579364624367)
"1020","4073","Midtown",65,NA,NA,NA,NA,c(-73.9780819416046, 40.7596999590625)
"1021","4074","Washington Heights",NA,NA,NA,NA,NA,c(-73.936085, 40.838191)
"1022","4075","Central Park",35,NA,NA,NA,NA,c(-73.969862, 40.78476)
"1023","4076","Concourse",NA,NA,NA,NA,NA,c(-73.928947, 40.820089)
"1024","4078","Concourse",NA,NA,NA,NA,NA,c(-73.919379, 40.823732)
"1025","4079","Concourse",NA,NA,NA,NA,NA,c(-73.91769, 40.828847)
"1026","408","Lower East Side",177,239,244,207,123,c(-73.99400398, 40.71076228)
"1027","4080","Concourse",NA,NA,NA,NA,NA,c(-73.926226, 40.831444)
"1028","4081","Concourse",NA,NA,NA,NA,NA,c(-73.922394, 40.83173)
"1029","4082","Concourse",NA,NA,NA,NA,NA,c(-73.92112, 40.833909)
"1030","4083","Concourse",NA,NA,NA,NA,NA,c(-73.918316, 40.83649)
"1031","4084","Concourse",NA,NA,NA,NA,NA,c(-73.9154, 40.835334)
"1032","4085","Concourse",NA,NA,NA,NA,NA,c(-73.913004, 40.839549)
"1033","4086","High Bridge",NA,NA,NA,NA,NA,c(-73.919228, 40.840536)
"1034","4087","High Bridge",NA,NA,NA,NA,NA,c(-73.926075, 40.84207)
"1035","4088","High Bridge",NA,NA,NA,NA,NA,c(-73.920999, 40.843965)
"1036","409","Bedford Stuyvesant",NA,NA,NA,NA,NA,c(-73.95643107, 40.6906495)
"1037","4090","Concourse",NA,NA,NA,NA,NA,c(-73.924689, 40.823429)
"1038","4091","High Bridge",NA,NA,NA,NA,NA,c(-73.931015, 40.829797)
"1039","4092","High Bridge",1,NA,NA,NA,NA,c(-73.928747, 40.830179)
"1040","4093","Concourse",NA,NA,NA,NA,NA,c(-73.92272, 40.827115)
"1041","4094","Concourse",NA,NA,NA,NA,NA,c(-73.915585, 40.825716)
"1042","4095","Concourse",NA,NA,NA,NA,NA,c(-73.925101, 40.83263)
"1043","4096","Concourse",NA,NA,NA,NA,NA,c(-73.917641, 40.834263)
"1044","4098","High Bridge",NA,NA,NA,NA,NA,c(-73.922423, 40.839312)
"1045","4099","Concourse",NA,NA,NA,NA,NA,c(-73.908863, 40.834015)
"1046","410","Lower East Side",487,588,285,351,286,c(-73.98517977, 40.72066442)
"1047","4101","Concourse",NA,NA,NA,NA,NA,c(-73.929327, 40.826677)
"1048","4102","Concourse",1,NA,NA,NA,NA,c(-73.921461, 40.829608)
"1049","4103","High Bridge",NA,NA,NA,NA,NA,c(-73.928381, 40.834457)
"1050","4104","Manhattanville",NA,NA,NA,NA,NA,c(-73.955277, 40.818212)
"1051","4105","Concourse",NA,NA,NA,NA,NA,c(-73.923267, 40.823162)
"1052","4106","High Bridge",NA,NA,NA,NA,NA,c(-73.929372, 40.832812)
"1053","4107","Concourse",NA,NA,NA,NA,NA,c(-73.908345, 40.837213)
"1054","4108","Concourse",2,NA,NA,NA,NA,c(-73.904867, 40.843264)
"1055","4109","Washington Heights",3,NA,NA,NA,NA,c(-73.93022, 40.84925)
"1056","411","East Village",107,145,126,116,88,c(-73.97668709, 40.72228087)
"1057","4110","East Village",24,NA,NA,NA,NA,c(-73.9751583337784, 40.7250655101547)
"1058","4112","Randals-Wards Island",1,NA,NA,NA,NA,c(-73.93077, 40.78294)
"1059","4113","Randals-Wards Island",NA,NA,NA,NA,NA,c(-73.92389, 40.79346)
"1060","4114","Randals-Wards Island",NA,NA,NA,NA,NA,c(-73.91906, 40.79558)
"1061","4115","Randals-Wards Island",NA,NA,NA,NA,NA,c(-73.92404, 40.80046)
"1062","4116","Concourse",NA,NA,NA,NA,NA,c(-73.923391, 40.830262)
"1063","4117","Crown Heights",2,NA,NA,NA,NA,c(-73.9602512866668, 40.6640798367816)
"1064","4118","Financial District",128,NA,NA,NA,NA,c(-74.0093548223581, 40.7085889424058)
"1065","412","Chinatown",238,569,553,465,282,c(-73.99422366, 40.7158155)
"1066","4120","Murray Hill",98,NA,NA,NA,NA,c(-73.9772920311316, 40.7494985460252)
"1067","4121","Tudor City",55,NA,NA,NA,NA,c(-73.97113, 40.74714)
"1068","4122","Central Park",41,NA,NA,NA,NA,c(-73.9641706646307, 40.7924951949511)
"1069","4123","Central Park",15,NA,NA,NA,NA,c(-73.9615890385357, 40.7960368415998)
"1070","4124","Central Park",18,NA,NA,NA,NA,c(-73.966800570488, 40.7886649912788)
"1071","4125","Concourse",1,NA,NA,NA,NA,c(-73.927111, 40.827883)
"1072","4126","Concourse",NA,NA,NA,NA,NA,c(-73.927311, 40.825737)
"1073","4127","High Bridge",NA,NA,NA,NA,NA,c(-73.925961, 40.839142)
"1074","4128","Concourse",NA,NA,NA,NA,NA,c(-73.910489, 40.837576)
"1075","4129","High Bridge",NA,NA,NA,NA,NA,c(-73.927421, 40.832057)
"1076","4130","Concourse",NA,NA,NA,NA,NA,c(-73.9149, 40.831584)
"1077","4131","High Bridge",NA,NA,NA,NA,NA,c(-73.917256, 40.844075)
"1078","4132","Longwood",NA,NA,NA,NA,NA,c(-73.901583, 40.812769)
"1079","4133","Longwood",NA,NA,NA,NA,NA,c(-73.899939, 40.815077)
"1080","4134","Longwood",NA,NA,NA,NA,NA,c(-73.896447, 40.816343)
"1081","4135","Longwood",NA,NA,NA,NA,NA,c(-73.901311, 40.819701)
"1082","4136","South Bronx",NA,NA,NA,NA,NA,c(-73.91089, 40.824)
"1083","4137","South Bronx",NA,NA,NA,NA,NA,c(-73.908699, 40.823872)
"1084","4138","South Bronx",NA,NA,NA,NA,NA,c(-73.907451, 40.82696)
"1085","4139","South Bronx",NA,NA,NA,NA,NA,c(-73.90242, 40.824796)
"1086","414","DUMBO",NA,NA,NA,NA,NA,c(-73.98765762, 40.70281858)
"1087","4140","South Bronx",NA,NA,NA,NA,NA,c(-73.901824, 40.822545)
"1088","4141","Longwood",NA,NA,NA,NA,NA,c(-73.894143, 40.818185)
"1089","4142","Hunts Point",NA,NA,NA,NA,NA,c(-73.891559, 40.816126)
"1090","4143","Hunts Point",NA,NA,NA,NA,NA,c(-73.8855, 40.813991)
"1091","4144","Hunts Point",NA,NA,NA,NA,NA,c(-73.888161, 40.816567)
"1092","4147","Longwood",NA,NA,NA,NA,NA,c(-73.895069, 40.821075)
"1093","4148","Longwood",NA,NA,NA,NA,NA,c(-73.896752, 40.821967)
"1094","4149","South Bronx",NA,NA,NA,NA,NA,c(-73.90521, 40.82895)
"1095","415","Financial District",854,576,403,571,358,c(-74.00926027, 40.7047177)
"1096","4150","South Bronx",NA,NA,NA,NA,NA,c(-73.907199, 40.836103)
"1097","4151","South Bronx",NA,NA,NA,NA,NA,c(-73.905158, 40.832678)
"1098","4152","South Bronx",NA,NA,NA,NA,NA,c(-73.904556, 40.830471)
"1099","4153","Longwood",NA,NA,NA,NA,NA,c(-73.894025, 40.82394)
"1100","4154","Hunts Point",NA,NA,NA,NA,NA,c(-73.888271, 40.820578)
"1101","4155","Longwood",NA,NA,NA,NA,NA,c(-73.893721, 40.827184)
"1102","4156","South Bronx",NA,NA,NA,NA,NA,c(-73.90153, 40.83545)
"1103","4157","South Bronx",NA,NA,NA,NA,NA,c(-73.896599, 40.833246)
"1104","4158","South Bronx",NA,NA,NA,NA,NA,c(-73.894717, 40.830529)
"1105","4159","South Bronx",NA,NA,NA,NA,NA,c(-73.900277, 40.839586)
"1106","416","Fort Greene",24,5,24,47,36,c(-73.97265183, 40.68753406)
"1107","4160","South Bronx",NA,NA,NA,NA,NA,c(-73.900216, 40.843079)
"1108","4161","South Bronx",NA,NA,NA,NA,NA,c(-73.8985, 40.84224)
"1109","4162","South Bronx",NA,NA,NA,NA,NA,c(-73.88955, 40.834124)
"1110","4163","South Bronx",NA,NA,NA,NA,NA,c(-73.885272, 40.832649)
"1111","4164","South Bronx",NA,NA,NA,NA,NA,c(-73.884308, 40.836274)
"1112","4165","Concourse",NA,NA,NA,NA,NA,c(-73.91288, 40.82809)
"1113","4166","Concourse",NA,NA,NA,NA,NA,c(-73.92818, 40.82441)
"1114","4167","Concourse",NA,NA,NA,NA,NA,c(-73.91172, 40.84301)
"1115","4168","Concourse",NA,NA,NA,NA,NA,c(-73.908544, 40.842675)
"1116","4169","Concourse",NA,NA,NA,NA,NA,c(-73.9109, 40.83899)
"1117","417","Tribeca",1155,3418,2653,2340,2311,c(-74.01020234, 40.71291224)
"1118","4170","South Bronx",NA,NA,NA,NA,NA,c(-73.911259, 40.828975)
"1119","4171","South Bronx",NA,NA,NA,NA,NA,c(-73.903719, 40.828199)
"1120","4172","South Bronx",NA,NA,NA,NA,NA,c(-73.907618, 40.829896)
"1121","4173","Longwood",NA,NA,NA,NA,NA,c(-73.887729, 40.825322)
"1122","4174","South Bronx",NA,NA,NA,NA,NA,c(-73.903743, 40.834857)
"1123","4175","South Bronx",NA,NA,NA,NA,NA,c(-73.905838, 40.838379)
"1124","4177","South Bronx",NA,NA,NA,NA,NA,c(-73.896853, 40.831762)
"1125","4179","South Bronx",NA,NA,NA,NA,NA,c(-73.892103, 40.830051)
"1126","418","Fort Greene",33,62,5,7,10,c(-73.982578, 40.70224)
"1127","4180","South Bronx",NA,NA,NA,NA,NA,c(-73.886312, 40.830025)
"1128","4182","South Bronx",NA,NA,NA,NA,NA,c(-73.892686, 40.831998)
"1129","4185","South Bronx",NA,NA,NA,NA,NA,c(-73.886445, 40.839335)
"1130","4186","Concourse",NA,NA,NA,NA,NA,c(-73.925294, 40.818154)
"1131","4188","Washington Heights",2,NA,NA,NA,NA,c(-73.94592, 40.83299)
"1132","4189","Concourse",NA,NA,NA,NA,NA,c(-73.913741, 40.83579)
"1133","419","Fort Greene",5,4,10,9,2,c(-73.97355569, 40.69580705)
"1134","4190","Concourse",NA,NA,NA,NA,NA,c(-73.915073, 40.840683)
"1135","4191","Longwood",NA,NA,NA,NA,NA,c(-73.896372, 40.827301)
"1136","4192","Longwood",NA,NA,NA,NA,NA,c(-73.898751, 40.826303)
"1137","4193","Washington Heights",15,NA,NA,NA,NA,c(-73.94186, 40.85168)
"1138","4194","High Bridge",NA,NA,NA,NA,NA,c(-73.917946, 40.840484)
"1139","4195","Concourse",NA,NA,NA,NA,NA,c(-73.91125, 40.83094)
"1140","4198","Concourse",NA,NA,NA,NA,NA,c(-73.916407, 40.824811)
"1141","4199","Concourse",NA,NA,NA,NA,NA,c(-73.92243, 40.83406)
"1142","420","Fort Greene",14,7,11,20,15,c(-73.96968902, 40.68764484)
"1143","4201","Concourse",NA,NA,NA,NA,NA,c(-73.90549, 40.83999)
"1144","4202","Longwood",NA,NA,NA,NA,NA,c(-73.897263, 40.819999)
"1145","4204","Longwood",NA,NA,NA,NA,NA,c(-73.888719, 40.826706)
"1146","4205","South Bronx",NA,NA,NA,NA,NA,c(-73.892317, 40.841092)
"1147","4206","Mott Haven",NA,NA,NA,NA,NA,c(-73.904192, 40.811892)
"1148","4207","Concourse",NA,NA,NA,NA,NA,c(-73.917447924614, 40.831305492673)
"1149","4209","High Bridge",NA,NA,NA,NA,NA,c(-73.927034, 40.838706)
"1150","421","Fort Greene",3,6,13,6,23,c(-73.97129668, 40.69573398)
"1151","4210","Concourse",NA,NA,NA,NA,NA,c(-73.91956, 40.83196)
"1152","4211","South Bronx",NA,NA,NA,NA,NA,c(-73.898802, 40.82995)
"1153","4212","South Bronx",NA,NA,NA,NA,NA,c(-73.90208, 40.83171)
"1154","4213","South Bronx",NA,NA,NA,NA,NA,c(-73.895133, 40.835302)
"1155","422","Upper West Side",118,215,94,187,71,c(-73.988038, 40.770513)
"1156","4220","Harlem",NA,NA,NA,NA,NA,c(-73.941928, 40.823061)
"1157","4222","Concourse",NA,NA,NA,NA,NA,c(-73.928939, 40.822217)
"1158","4225","Brooklyn Heights",11,NA,NA,NA,NA,c(-73.9914205670357, 40.6962329712932)
"1159","4227","South Bronx",NA,NA,NA,NA,NA,c(-73.890413, 40.837037)
"1160","4228","South Bronx",NA,NA,NA,NA,NA,c(-73.888587, 40.839194)
"1161","4229","Concourse",NA,NA,NA,NA,NA,c(-73.911479, 40.840494)
"1162","423","Columbus Circle",109,82,118,88,58,c(-73.98690506, 40.76584941)
"1163","4230","South Bronx",NA,NA,NA,NA,NA,c(-73.8931428, 40.8358771)
"1164","426","Battery Park",1578,2237,2197,2393,1723,c(-74.01322069, 40.71754834)
"1165","427","Financial District",370,614,427,574,334,c(-74.013942, 40.701907)
"1166","428","East Village",NA,NA,NA,NA,NA,c(-73.98783413, 40.72467721)
"1167","430","DUMBO",NA,NA,NA,NA,NA,c(-73.98656928, 40.7014851)
"1168","432","East Village",252,355,302,420,253,c(-73.98379855, 40.72621788)
"1169","433","East Village",NA,NA,NA,NA,NA,c(-73.98057249, 40.72955361)
"1170","434","Chelsea",231,336,NA,406,419,c(-74.00366443, 40.74317449)
"1171","435","Chelsea",456,447,385,450,296,c(-73.99415556, 40.74173969)
"1172","436","Bedford Stuyvesant",2,2,5,39,2,c(-73.95399026, 40.68216564)
"1173","437","Bedford Stuyvesant",6,21,5,15,2,c(-73.9500479759, 40.6809833854)
"1174","438","East Village",331,396,286,198,149,c(-73.98564945, 40.72779126)
"1175","439","East Village",409,597,168,373,38,c(-73.98978041, 40.7262807)
"1176","440","Turtle Bay",54,27,33,38,38,c(-73.97282625, 40.75255434)
"1177","441","Turtle Bay",NA,NA,NA,NA,NA,c(-73.967416, 40.756014)
"1178","442","Flatiron District",261,309,243,329,221,c(-73.993915, 40.746647)
"1179","443","Williamsburg",17,13,4,3,1,c(-73.96408963, 40.70853074)
"1180","444","Flatiron District",NA,NA,NA,NA,NA,c(-73.98915076, 40.7423543)
"1181","445","East Village",279,366,367,188,222,c(-73.98142006, 40.72740794)
"1182","446","Chelsea",414,338,365,317,225,c(-73.99529885, 40.74487634)
"1183","447","Midtown",124,167,99,95,91,c(-73.9851615, 40.76370739)
"1184","448","Clinton",301,315,169,249,141,c(-73.9979009, 40.75660359)
"1185","449","Columbus Circle",NA,NA,NA,NA,NA,c(-73.98789473, 40.76461837)
"1186","450","Clinton",177,214,162,163,96,c(-73.98788205, 40.76227205)
"1187","453","Chelsea",279,264,230,228,159,c(-73.99915362, 40.74475148)
"1188","454","Turtle Bay",55,67,17,8,22,c(-73.96592976, 40.75455731)
"1189","455","Turtle Bay",14,11,11,21,22,c(-73.96905301, 40.75001986)
"1190","456","Midtown",62,91,49,34,36,c(-73.97402311, 40.7597108)
"1191","457","Midtown",NA,NA,NA,NA,NA,c(-73.98169333, 40.76695317)
"1192","458","Chelsea",623,1060,514,635,397,c(-74.005226, 40.751396)
"1193","459","Chelsea",453,1634,1476,1411,898,c(-74.007756, 40.746745)
"1194","460","Williamsburg",107,54,59,63,57,c(-73.96590294, 40.71285887)
"1195","461","Gramercy",80,222,150,153,133,c(-73.98205027, 40.73587678)
"1196","462","Chelsea",657,579,402,491,393,c(-74.00451887, 40.74691959)
"1197","464","Sutton Place",71,18,NA,NA,NA,c(-73.96759673, 40.75934501)
"1198","465","Garment District",129,175,85,125,28,c(-73.98658032, 40.75513557)
"1199","466","Flatiron District",213,210,209,211,127,c(-73.99144871, 40.74395411)
"1200","467","Park Slope",30,42,73,49,45,c(-73.97895137, 40.68312489)
"1201","468","Midtown",224,132,78,106,128,c(-73.98192338, 40.7652654)
"1202","469","Midtown",124,67,62,44,43,c(-73.98268129, 40.76344058)
"1203","470","Chelsea",275,258,167,174,164,c(-74.00004031, 40.74345335)
"1204","471","Williamsburg",24,33,31,98,65,c(-73.95698119, 40.71286844)
"1205","472","Flatiron District",114,139,126,115,106,c(-73.98194829, 40.7457121)
"1206","473","Lower East Side",182,324,244,306,284,c(-73.9919254, 40.72110063)
"1207","474","Flatiron District",252,201,71,163,106,c(-73.98683077, 40.7451677)
"1208","475","Gramercy",NA,NA,NA,NA,NA,c(-73.98758561, 40.73524276)
"1209","476","Gramercy",153,117,67,95,65,c(-73.97966069, 40.74394314)
"1210","477","Garment District",101,225,257,251,199,c(-73.9900262, 40.75640548)
"1211","478","Clinton",345,507,308,382,227,c(-73.99884222, 40.76030096)
"1212","479","Clinton",155,176,150,189,127,c(-73.9912551, 40.76019252)
"1213","480","Columbus Circle",286,152,188,290,204,c(-73.99061728, 40.76669671)
"1214","481","Williamsburg",69,80,83,58,17,c(-73.96264403, 40.71260486)
"1215","482","Chelsea",481,564,418,439,387,c(-73.99931783, 40.73935542)
"1216","483","Greenwich Village",272,217,247,301,228,c(-73.98889957, 40.73223272)
"1217","484","Midtown",96,192,114,173,153,c(-73.98014437, 40.75500254)
"1218","485","Murray Hill",121,81,100,126,88,c(-73.98338988, 40.75038009)
"1219","486","Flatiron District",132,146,161,162,122,c(-73.98855723, 40.7462009)
"1220","487","Stuyvesant Town",73,214,161,157,85,c(-73.97573881, 40.73314259)
"1221","488","Clinton",NA,NA,NA,NA,NA,c(-73.99372222, 40.75645824)
"1222","489","Chelsea",245,438,NA,NA,NA,c(-74.00176802, 40.75066386)
"1223","490","Garment District",250,306,206,255,214,c(-73.993934, 40.751551)
"1224","491","Flatiron District",NA,NA,NA,NA,NA,c(-73.98602213, 40.74096374)
"1225","492","Garment District",238,142,147,150,115,c(-73.99093085, 40.75019995)
"1226","493","Midtown",83,78,57,NA,49,c(-73.98291153, 40.7568001)
"1227","494","Chelsea",268,258,206,182,195,c(-73.99723551, 40.74734825)
"1228","495","Clinton",199,229,133,141,118,c(-73.99301222, 40.76269882)
"1229","496","Flatiron District",355,573,383,349,346,c(-73.99238967, 40.73726186)
"1230","497","Flatiron District",405,532,413,501,368,c(-73.99009296, 40.73704984)
"1231","498","Garment District",NA,NA,NA,NA,NA,c(-73.98808416, 40.74854862)
"1232","499","Upper West Side",159,125,68,71,75,c(-73.98191841, 40.76915505)
"1233","500","Midtown",98,72,60,46,67,c(-73.98336183, 40.76228826)
"1234","501","Tudor City",100,72,34,49,44,c(-73.97121214, 40.744219)
"1235","502","Lower East Side",319,157,323,299,229,c(-73.981095, 40.714211)
"1236","503","Flatiron District",231,353,298,298,114,c(-73.98751968, 40.73827428)
"1237","504","Stuyvesant Town",180,178,115,124,46,c(-73.98165557, 40.73221853)
"1238","505","Garment District",143,164,148,133,111,c(-73.98848395, 40.74901271)
"1239","507","Gramercy",68,213,125,153,159,c(-73.97973776, 40.73912601)
"1240","508","Clinton",350,551,312,302,188,c(-73.99667444, 40.76341379)
"1241","509","Chelsea",543,443,352,412,354,c(-74.00197139, 40.7454973)
"1242","510","Midtown",NA,NA,NA,NA,NA,c(-73.98042047, 40.7606597)
"1243","511","East Village",NA,NA,NA,NA,NA,c(-73.97772429, 40.72938685)
"1244","513","Columbus Circle",159,130,94,113,94,c(-73.988639, 40.768254)
"1245","514","Clinton",1276,1408,1166,1203,809,c(-74.00277668, 40.76087502)
"1246","515","Clinton",344,232,145,113,106,c(-73.99461843, 40.76009437)
"1247","516","Turtle Bay",31,31,10,37,12,c(-73.96784384, 40.75206862)
"1248","517","Murray Hill",128,239,216,222,178,c(-73.97791, 40.751581)
"1249","518","Tudor City",34,117,74,106,56,c(-73.9734419, 40.74780373)
"1250","519","Murray Hill",221,601,550,715,615,c(-73.977706, 40.751873)
"1251","520","Midtown",NA,NA,NA,NA,NA,c(-73.97648516, 40.75992262)
"1252","522","Midtown",58,33,28,62,60,c(-73.97207836, 40.75714758)
"1253","523","Garment District",NA,NA,NA,NA,NA,c(-73.99138152, 40.75466591)
"1254","524","Midtown",NA,NA,NA,NA,NA,c(-73.98316936, 40.75527307)
"1255","525","Clinton",611,947,356,442,361,c(-74.0021163, 40.75594159)
"1256","526","Flatiron District",125,177,118,128,106,c(-73.98490707, 40.74765947)
"1257","527","Gramercy",NA,NA,NA,NA,NA,c(-73.976056, 40.744023)
"1258","528","Gramercy",172,132,92,91,38,c(-73.97706058, 40.74290902)
"1259","529","Clinton",81,180,112,239,172,c(-73.99098507, 40.7575699)
"1260","530","Columbus Circle",309,442,387,539,314,c(-73.9904603362083, 40.7714967105444)
"1261","531","Lower East Side",310,645,526,553,502,c(-73.99266288, 40.71893904)
"1262","532","Williamsburg",239,173,171,174,186,c(-73.960876, 40.710451)
"1263","533","Garment District",136,75,79,25,63,c(-73.98721619, 40.75299641)
"1264","534","Financial District",229,404,373,379,237,c(-74.0127234, 40.70255065)
"1265","536","Gramercy",54,50,68,37,122,c(-73.97536082, 40.74144387)
"1266","537","Gramercy",NA,NA,NA,NA,NA,c(-73.98409214, 40.74025878)
"1267","539","Williamsburg",61,66,50,42,34,c(-73.96024116, 40.71534825)
"1268","540","Flatiron District",274,137,90,106,106,c(-73.9821535348892, 40.7431155537649)
"1269","545","Gramercy",216,105,74,87,27,c(-73.97809472, 40.736502)
"1270","546","Flatiron District",105,142,98,95,69,c(-73.98303529, 40.74444921)
"1271","72","Columbus Circle",156,495,293,397,223,c(-73.99392888, 40.76727216)
"1272","79","Tribeca",1079,1741,1748,1438,1271,c(-74.00666661, 40.71911552)
"1273","82","Lower East Side",132,269,148,220,157,c(-74.00016545, 40.71117416)
"1274","83","Fort Greene",14,25,13,13,28,c(-73.97632328, 40.68382604)
